asset_id,prediction_date,failure_probability
09093e39-0b78-4600-9971-58e9926d51d3,2024-11-01,0.26528323
2d03b0db-380b-48b5-8613-1aaab1d62851,2024-11-01,0.2443029
3aa647d7-11ac-4f69-a908-7583f60d3a6d,2024-11-01,0.26528323
5756fe18-9d6e-4ca6-859b-0452ca58f63c,2024-11-01,0.2443029
5a0a7550-2968-401e-9c39-8d8c106c5f2f,2024-11-01,0.2443029
5ccbff81-f3c3-4251-8556-b7b952bd293d,2024-11-01,0.26528323
6e3c99b1-7197-4095-91c5-a641aba86f02,2024-11-01,0.25289083
7610c5ea-2d39-4067-acf1-7db6d095da9d,2024-11-01,0.2443029
7b4b8fe6-231c-4b7d-a275-dfd5924943d0,2024-11-01,0.26528323
9302fd4e-dac0-4f87-b822-88e6021203fa,2024-11-01,0.2443029
9438038a-48e7-4f46-91ce-4ebf6e193963,2024-11-01,0.25289083
a3f2e1c3-5a1a-4e23-afe7-451371768def,2024-11-01,0.25289083
a49d98e9-f6e7-4d1a-a6a8-bc7575c9b038,2024-11-01,0.26528323
b51e3a6b-3e1a-42ce-a28d-25044c090486,2024-11-01,0.25289083
ba0cde20-a8b6-4043-9ff8-4d85a62394f0,2024-11-01,0.2443029
c9dfa1d3-4567-4ef9-ae0a-e16890d01a89,2024-11-01,0.26528323
db055c74-b65d-4c82-b896-a3511d3b9733,2024-11-01,0.2443029
e9bd373d-d113-4b1a-af93-c4ad686d534d,2024-11-01,0.25289083
f2bad432-02f8-4117-a8f8-e511a162ca1b,2024-11-01,0.26528323
f3052014-e113-498b-8cf9-c3f01c87ddf7,2024-11-01,0.26528323
09093e39-0b78-4600-9971-58e9926d51d3,2024-11-02,0.23287763
2d03b0db-380b-48b5-8613-1aaab1d62851,2024-11-02,0.250695
3aa647d7-11ac-4f69-a908-7583f60d3a6d,2024-11-02,0.23287763
5756fe18-9d6e-4ca6-859b-0452ca58f63c,2024-11-02,0.250695
5a0a7550-2968-401e-9c39-8d8c106c5f2f,2024-11-02,0.250695
5ccbff81-f3c3-4251-8556-b7b952bd293d,2024-11-02,0.23287763
6e3c99b1-7197-4095-91c5-a641aba86f02,2024-11-02,0.22746497
7610c5ea-2d39-4067-acf1-7db6d095da9d,2024-11-02,0.250695
7b4b8fe6-231c-4b7d-a275-dfd5924943d0,2024-11-02,0.23287763
9302fd4e-dac0-4f87-b822-88e6021203fa,2024-11-02,0.250695
9438038a-48e7-4f46-91ce-4ebf6e193963,2024-11-02,0.22746497
a3f2e1c3-5a1a-4e23-afe7-451371768def,2024-11-02,0.22746497
a49d98e9-f6e7-4d1a-a6a8-bc7575c9b038,2024-11-02,0.23287763
b51e3a6b-3e1a-42ce-a28d-25044c090486,2024-11-02,0.22746497
ba0cde20-a8b6-4043-9ff8-4d85a62394f0,2024-11-02,0.250695
c9dfa1d3-4567-4ef9-ae0a-e16890d01a89,2024-11-02,0.23287763
db055c74-b65d-4c82-b896-a3511d3b9733,2024-11-02,0.250695
e9bd373d-d113-4b1a-af93-c4ad686d534d,2024-11-02,0.22746497
f2bad432-02f8-4117-a8f8-e511a162ca1b,2024-11-02,0.23287763
f3052014-e113-498b-8cf9-c3f01c87ddf7,2024-11-02,0.23287763
09093e39-0b78-4600-9971-58e9926d51d3,2024-11-03,0.20412248
2d03b0db-380b-48b5-8613-1aaab1d62851,2024-11-03,0.20870179
3aa647d7-11ac-4f69-a908-7583f60d3a6d,2024-11-03,0.20412248
5756fe18-9d6e-4ca6-859b-0452ca58f63c,2024-11-03,0.20870179
5a0a7550-2968-401e-9c39-8d8c106c5f2f,2024-11-03,0.20870179
5ccbff81-f3c3-4251-8556-b7b952bd293d,2024-11-03,0.20412248
6e3c99b1-7197-4095-91c5-a641aba86f02,2024-11-03,0.17287444
7610c5ea-2d39-4067-acf1-7db6d095da9d,2024-11-03,0.20870179
7b4b8fe6-231c-4b7d-a275-dfd5924943d0,2024-11-03,0.20412248
9302fd4e-dac0-4f87-b822-88e6021203fa,2024-11-03,0.20870179
9438038a-48e7-4f46-91ce-4ebf6e193963,2024-11-03,0.17287444
a3f2e1c3-5a1a-4e23-afe7-451371768def,2024-11-03,0.17287444
a49d98e9-f6e7-4d1a-a6a8-bc7575c9b038,2024-11-03,0.20412248
b51e3a6b-3e1a-42ce-a28d-25044c090486,2024-11-03,0.17287444
ba0cde20-a8b6-4043-9ff8-4d85a62394f0,2024-11-03,0.20870179
c9dfa1d3-4567-4ef9-ae0a-e16890d01a89,2024-11-03,0.20412248
db055c74-b65d-4c82-b896-a3511d3b9733,2024-11-03,0.20870179
e9bd373d-d113-4b1a-af93-c4ad686d534d,2024-11-03,0.17287444
f2bad432-02f8-4117-a8f8-e511a162ca1b,2024-11-03,0.20412248
f3052014-e113-498b-8cf9-c3f01c87ddf7,2024-11-03,0.20412248
09093e39-0b78-4600-9971-58e9926d51d3,2024-11-04,0.32162648
2d03b0db-380b-48b5-8613-1aaab1d62851,2024-11-04,0.22044858
3aa647d7-11ac-4f69-a908-7583f60d3a6d,2024-11-04,0.32162648
5756fe18-9d6e-4ca6-859b-0452ca58f63c,2024-11-04,0.22044858
5a0a7550-2968-401e-9c39-8d8c106c5f2f,2024-11-04,0.22044858
5ccbff81-f3c3-4251-8556-b7b952bd293d,2024-11-04,0.32162648
6e3c99b1-7197-4095-91c5-a641aba86f02,2024-11-04,0.2497354
7610c5ea-2d39-4067-acf1-7db6d095da9d,2024-11-04,0.22044858
7b4b8fe6-231c-4b7d-a275-dfd5924943d0,2024-11-04,0.32162648
9302fd4e-dac0-4f87-b822-88e6021203fa,2024-11-04,0.22044858
9438038a-48e7-4f46-91ce-4ebf6e193963,2024-11-04,0.2497354
a3f2e1c3-5a1a-4e23-afe7-451371768def,2024-11-04,0.2497354
a49d98e9-f6e7-4d1a-a6a8-bc7575c9b038,2024-11-04,0.32162648
b51e3a6b-3e1a-42ce-a28d-25044c090486,2024-11-04,0.2497354
ba0cde20-a8b6-4043-9ff8-4d85a62394f0,2024-11-04,0.22044858
c9dfa1d3-4567-4ef9-ae0a-e16890d01a89,2024-11-04,0.32162648
db055c74-b65d-4c82-b896-a3511d3b9733,2024-11-04,0.22044858
e9bd373d-d113-4b1a-af93-c4ad686d534d,2024-11-04,0.2497354
f2bad432-02f8-4117-a8f8-e511a162ca1b,2024-11-04,0.32162648
f3052014-e113-498b-8cf9-c3f01c87ddf7,2024-11-04,0.32162648
09093e39-0b78-4600-9971-58e9926d51d3,2024-11-05,0.15591787
2d03b0db-380b-48b5-8613-1aaab1d62851,2024-11-05,0.18445146
3aa647d7-11ac-4f69-a908-7583f60d3a6d,2024-11-05,0.15591787
5756fe18-9d6e-4ca6-859b-0452ca58f63c,2024-11-05,0.18445146
5a0a7550-2968-401e-9c39-8d8c106c5f2f,2024-11-05,0.18445146
5ccbff81-f3c3-4251-8556-b7b952bd293d,2024-11-05,0.15591787
6e3c99b1-7197-4095-91c5-a641aba86f02,2024-11-05,0.2910506
7610c5ea-2d39-4067-acf1-7db6d095da9d,2024-11-05,0.18445146
7b4b8fe6-231c-4b7d-a275-dfd5924943d0,2024-11-05,0.15591787
9302fd4e-dac0-4f87-b822-88e6021203fa,2024-11-05,0.18445146
9438038a-48e7-4f46-91ce-4ebf6e193963,2024-11-05,0.2910506
a3f2e1c3-5a1a-4e23-afe7-451371768def,2024-11-05,0.2910506
a49d98e9-f6e7-4d1a-a6a8-bc7575c9b038,2024-11-05,0.15591787
b51e3a6b-3e1a-42ce-a28d-25044c090486,2024-11-05,0.2910506
ba0cde20-a8b6-4043-9ff8-4d85a62394f0,2024-11-05,0.18445146
c9dfa1d3-4567-4ef9-ae0a-e16890d01a89,2024-11-05,0.15591787
db055c74-b65d-4c82-b896-a3511d3b9733,2024-11-05,0.18445146
e9bd373d-d113-4b1a-af93-c4ad686d534d,2024-11-05,0.2910506
f2bad432-02f8-4117-a8f8-e511a162ca1b,2024-11-05,0.15591787
f3052014-e113-498b-8cf9-c3f01c87ddf7,2024-11-05,0.15591787
09093e39-0b78-4600-9971-58e9926d51d3,2024-11-06,0.3217512
2d03b0db-380b-48b5-8613-1aaab1d62851,2024-11-06,0.29348698
3aa647d7-11ac-4f69-a908-7583f60d3a6d,2024-11-06,0.3217512
5756fe18-9d6e-4ca6-859b-0452ca58f63c,2024-11-06,0.29348698
5a0a7550-2968-401e-9c39-8d8c106c5f2f,2024-11-06,0.29348698
5ccbff81-f3c3-4251-8556-b7b952bd293d,2024-11-06,0.3217512
6e3c99b1-7197-4095-91c5-a641aba86f02,2024-11-06,0.27353027
7610c5ea-2d39-4067-acf1-7db6d095da9d,2024-11-06,0.29348698
7b4b8fe6-231c-4b7d-a275-dfd5924943d0,2024-11-06,0.3217512
9302fd4e-dac0-4f87-b822-88e6021203fa,2024-11-06,0.29348698
9438038a-48e7-4f46-91ce-4ebf6e193963,2024-11-06,0.27353027
a3f2e1c3-5a1a-4e23-afe7-451371768def,2024-11-06,0.27353027
a49d98e9-f6e7-4d1a-a6a8-bc7575c9b038,2024-11-06,0.3217512
b51e3a6b-3e1a-42ce-a28d-25044c090486,2024-11-06,0.27353027
ba0cde20-a8b6-4043-9ff8-4d85a62394f0,2024-11-06,0.29348698
c9dfa1d3-4567-4ef9-ae0a-e16890d01a89,2024-11-06,0.3217512
db055c74-b65d-4c82-b896-a3511d3b9733,2024-11-06,0.29348698
e9bd373d-d113-4b1a-af93-c4ad686d534d,2024-11-06,0.27353027
f2bad432-02f8-4117-a8f8-e511a162ca1b,2024-11-06,0.3217512
f3052014-e113-498b-8cf9-c3f01c87ddf7,2024-11-06,0.3217512
09093e39-0b78-4600-9971-58e9926d51d3,2024-11-07,0.21118152
2d03b0db-380b-48b5-8613-1aaab1d62851,2024-11-07,0.21436758
3aa647d7-11ac-4f69-a908-7583f60d3a6d,2024-11-07,0.21118152
5756fe18-9d6e-4ca6-859b-0452ca58f63c,2024-11-07,0.21436758
5a0a7550-2968-401e-9c39-8d8c106c5f2f,2024-11-07,0.21436758
5ccbff81-f3c3-4251-8556-b7b952bd293d,2024-11-07,0.21118152
6e3c99b1-7197-4095-91c5-a641aba86f02,2024-11-07,0.2324308
7610c5ea-2d39-4067-acf1-7db6d095da9d,2024-11-07,0.21436758
7b4b8fe6-231c-4b7d-a275-dfd5924943d0,2024-11-07,0.21118152
9302fd4e-dac0-4f87-b822-88e6021203fa,2024-11-07,0.21436758
9438038a-48e7-4f46-91ce-4ebf6e193963,2024-11-07,0.2324308
a3f2e1c3-5a1a-4e23-afe7-451371768def,2024-11-07,0.2324308
a49d98e9-f6e7-4d1a-a6a8-bc7575c9b038,2024-11-07,0.21118152
b51e3a6b-3e1a-42ce-a28d-25044c090486,2024-11-07,0.2324308
ba0cde20-a8b6-4043-9ff8-4d85a62394f0,2024-11-07,0.21436758
c9dfa1d3-4567-4ef9-ae0a-e16890d01a89,2024-11-07,0.21118152
db055c74-b65d-4c82-b896-a3511d3b9733,2024-11-07,0.21436758
e9bd373d-d113-4b1a-af93-c4ad686d534d,2024-11-07,0.2324308
f2bad432-02f8-4117-a8f8-e511a162ca1b,2024-11-07,0.21118152
f3052014-e113-498b-8cf9-c3f01c87ddf7,2024-11-07,0.21118152
09093e39-0b78-4600-9971-58e9926d51d3,2024-11-08,0.29738772
2d03b0db-380b-48b5-8613-1aaab1d62851,2024-11-08,0.31711838
3aa647d7-11ac-4f69-a908-7583f60d3a6d,2024-11-08,0.29738772
5756fe18-9d6e-4ca6-859b-0452ca58f63c,2024-11-08,0.31711838
5a0a7550-2968-401e-9c39-8d8c106c5f2f,2024-11-08,0.31711838
5ccbff81-f3c3-4251-8556-b7b952bd293d,2024-11-08,0.29738772
6e3c99b1-7197-4095-91c5-a641aba86f02,2024-11-08,0.34517354
7610c5ea-2d39-4067-acf1-7db6d095da9d,2024-11-08,0.31711838
7b4b8fe6-231c-4b7d-a275-dfd5924943d0,2024-11-08,0.29738772
9302fd4e-dac0-4f87-b822-88e6021203fa,2024-11-08,0.31711838
9438038a-48e7-4f46-91ce-4ebf6e193963,2024-11-08,0.34517354
a3f2e1c3-5a1a-4e23-afe7-451371768def,2024-11-08,0.34517354
a49d98e9-f6e7-4d1a-a6a8-bc7575c9b038,2024-11-08,0.29738772
b51e3a6b-3e1a-42ce-a28d-25044c090486,2024-11-08,0.34517354
ba0cde20-a8b6-4043-9ff8-4d85a62394f0,2024-11-08,0.31711838
c9dfa1d3-4567-4ef9-ae0a-e16890d01a89,2024-11-08,0.29738772
db055c74-b65d-4c82-b896-a3511d3b9733,2024-11-08,0.31711838
e9bd373d-d113-4b1a-af93-c4ad686d534d,2024-11-08,0.34517354
f2bad432-02f8-4117-a8f8-e511a162ca1b,2024-11-08,0.29738772
f3052014-e113-498b-8cf9-c3f01c87ddf7,2024-11-08,0.29738772
09093e39-0b78-4600-9971-58e9926d51d3,2024-11-09,0.23550259
2d03b0db-380b-48b5-8613-1aaab1d62851,2024-11-09,0.24458037
3aa647d7-11ac-4f69-a908-7583f60d3a6d,2024-11-09,0.23550259
5756fe18-9d6e-4ca6-859b-0452ca58f63c,2024-11-09,0.24458037
5a0a7550-2968-401e-9c39-8d8c106c5f2f,2024-11-09,0.24458037
5ccbff81-f3c3-4251-8556-b7b952bd293d,2024-11-09,0.23550259
6e3c99b1-7197-4095-91c5-a641aba86f02,2024-11-09,0.21313217
7610c5ea-2d39-4067-acf1-7db6d095da9d,2024-11-09,0.24458037
7b4b8fe6-231c-4b7d-a275-dfd5924943d0,2024-11-09,0.23550259
9302fd4e-dac0-4f87-b822-88e6021203fa,2024-11-09,0.24458037
9438038a-48e7-4f46-91ce-4ebf6e193963,2024-11-09,0.21313217
a3f2e1c3-5a1a-4e23-afe7-451371768def,2024-11-09,0.21313217
a49d98e9-f6e7-4d1a-a6a8-bc7575c9b038,2024-11-09,0.23550259
b51e3a6b-3e1a-42ce-a28d-25044c090486,2024-11-09,0.21313217
ba0cde20-a8b6-4043-9ff8-4d85a62394f0,2024-11-09,0.24458037
c9dfa1d3-4567-4ef9-ae0a-e16890d01a89,2024-11-09,0.23550259
db055c74-b65d-4c82-b896-a3511d3b9733,2024-11-09,0.24458037
e9bd373d-d113-4b1a-af93-c4ad686d534d,2024-11-09,0.21313217
f2bad432-02f8-4117-a8f8-e511a162ca1b,2024-11-09,0.23550259
f3052014-e113-498b-8cf9-c3f01c87ddf7,2024-11-09,0.23550259
09093e39-0b78-4600-9971-58e9926d51d3,2024-11-10,0.28107953
2d03b0db-380b-48b5-8613-1aaab1d62851,2024-11-10,0.2245738
3aa647d7-11ac-4f69-a908-7583f60d3a6d,2024-11-10,0.28107953
5756fe18-9d6e-4ca6-859b-0452ca58f63c,2024-11-10,0.2245738
5a0a7550-2968-401e-9c39-8d8c106c5f2f,2024-11-10,0.2245738
5ccbff81-f3c3-4251-8556-b7b952bd293d,2024-11-10,0.28107953
6e3c99b1-7197-4095-91c5-a641aba86f02,2024-11-10,0.2055781
7610c5ea-2d39-4067-acf1-7db6d095da9d,2024-11-10,0.2245738
7b4b8fe6-231c-4b7d-a275-dfd5924943d0,2024-11-10,0.28107953
9302fd4e-dac0-4f87-b822-88e6021203fa,2024-11-10,0.2245738
9438038a-48e7-4f46-91ce-4ebf6e193963,2024-11-10,0.2055781
a3f2e1c3-5a1a-4e23-afe7-451371768def,2024-11-10,0.2055781
a49d98e9-f6e7-4d1a-a6a8-bc7575c9b038,2024-11-10,0.28107953
b51e3a6b-3e1a-42ce-a28d-25044c090486,2024-11-10,0.2055781
ba0cde20-a8b6-4043-9ff8-4d85a62394f0,2024-11-10,0.2245738
c9dfa1d3-4567-4ef9-ae0a-e16890d01a89,2024-11-10,0.28107953
db055c74-b65d-4c82-b896-a3511d3b9733,2024-11-10,0.2245738
e9bd373d-d113-4b1a-af93-c4ad686d534d,2024-11-10,0.2055781
f2bad432-02f8-4117-a8f8-e511a162ca1b,2024-11-10,0.28107953
f3052014-e113-498b-8cf9-c3f01c87ddf7,2024-11-10,0.28107953
09093e39-0b78-4600-9971-58e9926d51d3,2024-11-11,0.32729203
2d03b0db-380b-48b5-8613-1aaab1d62851,2024-11-11,0.31833375
3aa647d7-11ac-4f69-a908-7583f60d3a6d,2024-11-11,0.32729203
5756fe18-9d6e-4ca6-859b-0452ca58f63c,2024-11-11,0.31833375
5a0a7550-2968-401e-9c39-8d8c106c5f2f,2024-11-11,0.31833375
5ccbff81-f3c3-4251-8556-b7b952bd293d,2024-11-11,0.32729203
6e3c99b1-7197-4095-91c5-a641aba86f02,2024-11-11,0.25514606
7610c5ea-2d39-4067-acf1-7db6d095da9d,2024-11-11,0.31833375
7b4b8fe6-231c-4b7d-a275-dfd5924943d0,2024-11-11,0.32729203
9302fd4e-dac0-4f87-b822-88e6021203fa,2024-11-11,0.31833375
9438038a-48e7-4f46-91ce-4ebf6e193963,2024-11-11,0.25514606
a3f2e1c3-5a1a-4e23-afe7-451371768def,2024-11-11,0.25514606
a49d98e9-f6e7-4d1a-a6a8-bc7575c9b038,2024-11-11,0.32729203
b51e3a6b-3e1a-42ce-a28d-25044c090486,2024-11-11,0.25514606
ba0cde20-a8b6-4043-9ff8-4d85a62394f0,2024-11-11,0.31833375
c9dfa1d3-4567-4ef9-ae0a-e16890d01a89,2024-11-11,0.32729203
db055c74-b65d-4c82-b896-a3511d3b9733,2024-11-11,0.31833375
e9bd373d-d113-4b1a-af93-c4ad686d534d,2024-11-11,0.25514606
f2bad432-02f8-4117-a8f8-e511a162ca1b,2024-11-11,0.32729203
f3052014-e113-498b-8cf9-c3f01c87ddf7,2024-11-11,0.32729203
09093e39-0b78-4600-9971-58e9926d51d3,2024-11-12,0.27732006
2d03b0db-380b-48b5-8613-1aaab1d62851,2024-11-12,0.3165015
3aa647d7-11ac-4f69-a908-7583f60d3a6d,2024-11-12,0.27732006
5756fe18-9d6e-4ca6-859b-0452ca58f63c,2024-11-12,0.3165015
5a0a7550-2968-401e-9c39-8d8c106c5f2f,2024-11-12,0.3165015
5ccbff81-f3c3-4251-8556-b7b952bd293d,2024-11-12,0.27732006
6e3c99b1-7197-4095-91c5-a641aba86f02,2024-11-12,0.3326996
7610c5ea-2d39-4067-acf1-7db6d095da9d,2024-11-12,0.3165015
7b4b8fe6-231c-4b7d-a275-dfd5924943d0,2024-11-12,0.27732006
9302fd4e-dac0-4f87-b822-88e6021203fa,2024-11-12,0.3165015
9438038a-48e7-4f46-91ce-4ebf6e193963,2024-11-12,0.3326996
a3f2e1c3-5a1a-4e23-afe7-451371768def,2024-11-12,0.3326996
a49d98e9-f6e7-4d1a-a6a8-bc7575c9b038,2024-11-12,0.27732006
b51e3a6b-3e1a-42ce-a28d-25044c090486,2024-11-12,0.3326996
ba0cde20-a8b6-4043-9ff8-4d85a62394f0,2024-11-12,0.3165015
c9dfa1d3-4567-4ef9-ae0a-e16890d01a89,2024-11-12,0.27732006
db055c74-b65d-4c82-b896-a3511d3b9733,2024-11-12,0.3165015
e9bd373d-d113-4b1a-af93-c4ad686d534d,2024-11-12,0.3326996
f2bad432-02f8-4117-a8f8-e511a162ca1b,2024-11-12,0.27732006
f3052014-e113-498b-8cf9-c3f01c87ddf7,2024-11-12,0.27732006
09093e39-0b78-4600-9971-58e9926d51d3,2024-11-13,0.23469812
2d03b0db-380b-48b5-8613-1aaab1d62851,2024-11-13,0.29938012
3aa647d7-11ac-4f69-a908-7583f60d3a6d,2024-11-13,0.23469812
5756fe18-9d6e-4ca6-859b-0452ca58f63c,2024-11-13,0.29938012
5a0a7550-2968-401e-9c39-8d8c106c5f2f,2024-11-13,0.29938012
5ccbff81-f3c3-4251-8556-b7b952bd293d,2024-11-13,0.23469812
6e3c99b1-7197-4095-91c5-a641aba86f02,2024-11-13,0.32687005
7610c5ea-2d39-4067-acf1-7db6d095da9d,2024-11-13,0.29938012
7b4b8fe6-231c-4b7d-a275-dfd5924943d0,2024-11-13,0.23469812
9302fd4e-dac0-4f87-b822-88e6021203fa,2024-11-13,0.29938012
9438038a-48e7-4f46-91ce-4ebf6e193963,2024-11-13,0.32687005
a3f2e1c3-5a1a-4e23-afe7-451371768def,2024-11-13,0.32687005
a49d98e9-f6e7-4d1a-a6a8-bc7575c9b038,2024-11-13,0.23469812
b51e3a6b-3e1a-42ce-a28d-25044c090486,2024-11-13,0.32687005
ba0cde20-a8b6-4043-9ff8-4d85a62394f0,2024-11-13,0.29938012
c9dfa1d3-4567-4ef9-ae0a-e16890d01a89,2024-11-13,0.23469812
db055c74-b65d-4c82-b896-a3511d3b9733,2024-11-13,0.29938012
e9bd373d-d113-4b1a-af93-c4ad686d534d,2024-11-13,0.32687005
f2bad432-02f8-4117-a8f8-e511a162ca1b,2024-11-13,0.23469812
f3052014-e113-498b-8cf9-c3f01c87ddf7,2024-11-13,0.23469812
09093e39-0b78-4600-9971-58e9926d51d3,2024-11-14,0.24090442
2d03b0db-380b-48b5-8613-1aaab1d62851,2024-11-14,0.2821097
3aa647d7-11ac-4f69-a908-7583f60d3a6d,2024-11-14,0.24090442
5756fe18-9d6e-4ca6-859b-0452ca58f63c,2024-11-14,0.2821097
5a0a7550-2968-401e-9c39-8d8c106c5f2f,2024-11-14,0.2821097
5ccbff81-f3c3-4251-8556-b7b952bd293d,2024-11-14,0.24090442
6e3c99b1-7197-4095-91c5-a641aba86f02,2024-11-14,0.2669068
7610c5ea-2d39-4067-acf1-7db6d095da9d,2024-11-14,0.2821097
7b4b8fe6-231c-4b7d-a275-dfd5924943d0,2024-11-14,0.24090442
9302fd4e-dac0-4f87-b822-88e6021203fa,2024-11-14,0.2821097
9438038a-48e7-4f46-91ce-4ebf6e193963,2024-11-14,0.2669068
a3f2e1c3-5a1a-4e23-afe7-451371768def,2024-11-14,0.2669068
a49d98e9-f6e7-4d1a-a6a8-bc7575c9b038,2024-11-14,0.24090442
b51e3a6b-3e1a-42ce-a28d-25044c090486,2024-11-14,0.2669068
ba0cde20-a8b6-4043-9ff8-4d85a62394f0,2024-11-14,0.2821097
c9dfa1d3-4567-4ef9-ae0a-e16890d01a89,2024-11-14,0.24090442
db055c74-b65d-4c82-b896-a3511d3b9733,2024-11-14,0.2821097
e9bd373d-d113-4b1a-af93-c4ad686d534d,2024-11-14,0.2669068
f2bad432-02f8-4117-a8f8-e511a162ca1b,2024-11-14,0.24090442
f3052014-e113-498b-8cf9-c3f01c87ddf7,2024-11-14,0.24090442
09093e39-0b78-4600-9971-58e9926d51d3,2024-11-15,0.166587
2d03b0db-380b-48b5-8613-1aaab1d62851,2024-11-15,0.22832857
3aa647d7-11ac-4f69-a908-7583f60d3a6d,2024-11-15,0.166587
5756fe18-9d6e-4ca6-859b-0452ca58f63c,2024-11-15,0.22832857
5a0a7550-2968-401e-9c39-8d8c106c5f2f,2024-11-15,0.22832857
5ccbff81-f3c3-4251-8556-b7b952bd293d,2024-11-15,0.166587
6e3c99b1-7197-4095-91c5-a641aba86f02,2024-11-15,0.22971115
7610c5ea-2d39-4067-acf1-7db6d095da9d,2024-11-15,0.22832857
7b4b8fe6-231c-4b7d-a275-dfd5924943d0,2024-11-15,0.166587
9302fd4e-dac0-4f87-b822-88e6021203fa,2024-11-15,0.22832857
9438038a-48e7-4f46-91ce-4ebf6e193963,2024-11-15,0.22971115
a3f2e1c3-5a1a-4e23-afe7-451371768def,2024-11-15,0.22971115
a49d98e9-f6e7-4d1a-a6a8-bc7575c9b038,2024-11-15,0.166587
b51e3a6b-3e1a-42ce-a28d-25044c090486,2024-11-15,0.22971115
ba0cde20-a8b6-4043-9ff8-4d85a62394f0,2024-11-15,0.22832857
c9dfa1d3-4567-4ef9-ae0a-e16890d01a89,2024-11-15,0.166587
db055c74-b65d-4c82-b896-a3511d3b9733,2024-11-15,0.22832857
e9bd373d-d113-4b1a-af93-c4ad686d534d,2024-11-15,0.22971115
f2bad432-02f8-4117-a8f8-e511a162ca1b,2024-11-15,0.166587
f3052014-e113-498b-8cf9-c3f01c87ddf7,2024-11-15,0.166587
09093e39-0b78-4600-9971-58e9926d51d3,2024-11-16,0.20372032
2d03b0db-380b-48b5-8613-1aaab1d62851,2024-11-16,0.19900142
3aa647d7-11ac-4f69-a908-7583f60d3a6d,2024-11-16,0.20372032
5756fe18-9d6e-4ca6-859b-0452ca58f63c,2024-11-16,0.19900142
5a0a7550-2968-401e-9c39-8d8c106c5f2f,2024-11-16,0.19900142
5ccbff81-f3c3-4251-8556-b7b952bd293d,2024-11-16,0.20372032
6e3c99b1-7197-4095-91c5-a641aba86f02,2024-11-16,0.17680204
7610c5ea-2d39-4067-acf1-7db6d095da9d,2024-11-16,0.19900142
7b4b8fe6-231c-4b7d-a275-dfd5924943d0,2024-11-16,0.20372032
9302fd4e-dac0-4f87-b822-88e6021203fa,2024-11-16,0.19900142
9438038a-48e7-4f46-91ce-4ebf6e193963,2024-11-16,0.17680204
a3f2e1c3-5a1a-4e23-afe7-451371768def,2024-11-16,0.17680204
a49d98e9-f6e7-4d1a-a6a8-bc7575c9b038,2024-11-16,0.20372032
b51e3a6b-3e1a-42ce-a28d-25044c090486,2024-11-16,0.17680204
ba0cde20-a8b6-4043-9ff8-4d85a62394f0,2024-11-16,0.19900142
c9dfa1d3-4567-4ef9-ae0a-e16890d01a89,2024-11-16,0.20372032
db055c74-b65d-4c82-b896-a3511d3b9733,2024-11-16,0.19900142
e9bd373d-d113-4b1a-af93-c4ad686d534d,2024-11-16,0.17680204
f2bad432-02f8-4117-a8f8-e511a162ca1b,2024-11-16,0.20372032
f3052014-e113-498b-8cf9-c3f01c87ddf7,2024-11-16,0.20372032
09093e39-0b78-4600-9971-58e9926d51d3,2024-11-17,0.22948675
2d03b0db-380b-48b5-8613-1aaab1d62851,2024-11-17,0.23364758
3aa647d7-11ac-4f69-a908-7583f60d3a6d,2024-11-17,0.22948675
5756fe18-9d6e-4ca6-859b-0452ca58f63c,2024-11-17,0.23364758
5a0a7550-2968-401e-9c39-8d8c106c5f2f,2024-11-17,0.23364758
5ccbff81-f3c3-4251-8556-b7b952bd293d,2024-11-17,0.22948675
6e3c99b1-7197-4095-91c5-a641aba86f02,2024-11-17,0.24155731
7610c5ea-2d39-4067-acf1-7db6d095da9d,2024-11-17,0.23364758
7b4b8fe6-231c-4b7d-a275-dfd5924943d0,2024-11-17,0.22948675
9302fd4e-dac0-4f87-b822-88e6021203fa,2024-11-17,0.23364758
9438038a-48e7-4f46-91ce-4ebf6e193963,2024-11-17,0.24155731
a3f2e1c3-5a1a-4e23-afe7-451371768def,2024-11-17,0.24155731
a49d98e9-f6e7-4d1a-a6a8-bc7575c9b038,2024-11-17,0.22948675
b51e3a6b-3e1a-42ce-a28d-25044c090486,2024-11-17,0.24155731
ba0cde20-a8b6-4043-9ff8-4d85a62394f0,2024-11-17,0.23364758
c9dfa1d3-4567-4ef9-ae0a-e16890d01a89,2024-11-17,0.22948675
db055c74-b65d-4c82-b896-a3511d3b9733,2024-11-17,0.23364758
e9bd373d-d113-4b1a-af93-c4ad686d534d,2024-11-17,0.24155731
f2bad432-02f8-4117-a8f8-e511a162ca1b,2024-11-17,0.22948675
f3052014-e113-498b-8cf9-c3f01c87ddf7,2024-11-17,0.22948675
09093e39-0b78-4600-9971-58e9926d51d3,2024-11-18,0.35808435
2d03b0db-380b-48b5-8613-1aaab1d62851,2024-11-18,0.23055847
3aa647d7-11ac-4f69-a908-7583f60d3a6d,2024-11-18,0.35808435
5756fe18-9d6e-4ca6-859b-0452ca58f63c,2024-11-18,0.23055847
5a0a7550-2968-401e-9c39-8d8c106c5f2f,2024-11-18,0.23055847
5ccbff81-f3c3-4251-8556-b7b952bd293d,2024-11-18,0.35808435
6e3c99b1-7197-4095-91c5-a641aba86f02,2024-11-18,0.26259604
7610c5ea-2d39-4067-acf1-7db6d095da9d,2024-11-18,0.23055847
7b4b8fe6-231c-4b7d-a275-dfd5924943d0,2024-11-18,0.35808435
9302fd4e-dac0-4f87-b822-88e6021203fa,2024-11-18,0.23055847
9438038a-48e7-4f46-91ce-4ebf6e193963,2024-11-18,0.26259604
a3f2e1c3-5a1a-4e23-afe7-451371768def,2024-11-18,0.26259604
a49d98e9-f6e7-4d1a-a6a8-bc7575c9b038,2024-11-18,0.35808435
b51e3a6b-3e1a-42ce-a28d-25044c090486,2024-11-18,0.26259604
ba0cde20-a8b6-4043-9ff8-4d85a62394f0,2024-11-18,0.23055847
c9dfa1d3-4567-4ef9-ae0a-e16890d01a89,2024-11-18,0.35808435
db055c74-b65d-4c82-b896-a3511d3b9733,2024-11-18,0.23055847
e9bd373d-d113-4b1a-af93-c4ad686d534d,2024-11-18,0.26259604
f2bad432-02f8-4117-a8f8-e511a162ca1b,2024-11-18,0.35808435
f3052014-e113-498b-8cf9-c3f01c87ddf7,2024-11-18,0.35808435
09093e39-0b78-4600-9971-58e9926d51d3,2024-11-19,0.21210872
2d03b0db-380b-48b5-8613-1aaab1d62851,2024-11-19,0.23549598
3aa647d7-11ac-4f69-a908-7583f60d3a6d,2024-11-19,0.21210872
5756fe18-9d6e-4ca6-859b-0452ca58f63c,2024-11-19,0.23549598
5a0a7550-2968-401e-9c39-8d8c106c5f2f,2024-11-19,0.23549598
5ccbff81-f3c3-4251-8556-b7b952bd293d,2024-11-19,0.21210872
6e3c99b1-7197-4095-91c5-a641aba86f02,2024-11-19,0.24702251
7610c5ea-2d39-4067-acf1-7db6d095da9d,2024-11-19,0.23549598
7b4b8fe6-231c-4b7d-a275-dfd5924943d0,2024-11-19,0.21210872
9302fd4e-dac0-4f87-b822-88e6021203fa,2024-11-19,0.23549598
9438038a-48e7-4f46-91ce-4ebf6e193963,2024-11-19,0.24702251
a3f2e1c3-5a1a-4e23-afe7-451371768def,2024-11-19,0.24702251
a49d98e9-f6e7-4d1a-a6a8-bc7575c9b038,2024-11-19,0.21210872
b51e3a6b-3e1a-42ce-a28d-25044c090486,2024-11-19,0.24702251
ba0cde20-a8b6-4043-9ff8-4d85a62394f0,2024-11-19,0.23549598
c9dfa1d3-4567-4ef9-ae0a-e16890d01a89,2024-11-19,0.21210872
db055c74-b65d-4c82-b896-a3511d3b9733,2024-11-19,0.23549598
e9bd373d-d113-4b1a-af93-c4ad686d534d,2024-11-19,0.24702251
f2bad432-02f8-4117-a8f8-e511a162ca1b,2024-11-19,0.21210872
f3052014-e113-498b-8cf9-c3f01c87ddf7,2024-11-19,0.21210872
09093e39-0b78-4600-9971-58e9926d51d3,2024-11-20,0.30197087
2d03b0db-380b-48b5-8613-1aaab1d62851,2024-11-20,0.23097385
3aa647d7-11ac-4f69-a908-7583f60d3a6d,2024-11-20,0.30197087
5756fe18-9d6e-4ca6-859b-0452ca58f63c,2024-11-20,0.23097385
5a0a7550-2968-401e-9c39-8d8c106c5f2f,2024-11-20,0.23097385
5ccbff81-f3c3-4251-8556-b7b952bd293d,2024-11-20,0.30197087
6e3c99b1-7197-4095-91c5-a641aba86f02,2024-11-20,0.26392654
7610c5ea-2d39-4067-acf1-7db6d095da9d,2024-11-20,0.23097385
7b4b8fe6-231c-4b7d-a275-dfd5924943d0,2024-11-20,0.30197087
9302fd4e-dac0-4f87-b822-88e6021203fa,2024-11-20,0.23097385
9438038a-48e7-4f46-91ce-4ebf6e193963,2024-11-20,0.26392654
a3f2e1c3-5a1a-4e23-afe7-451371768def,2024-11-20,0.26392654
a49d98e9-f6e7-4d1a-a6a8-bc7575c9b038,2024-11-20,0.30197087
b51e3a6b-3e1a-42ce-a28d-25044c090486,2024-11-20,0.26392654
ba0cde20-a8b6-4043-9ff8-4d85a62394f0,2024-11-20,0.23097385
c9dfa1d3-4567-4ef9-ae0a-e16890d01a89,2024-11-20,0.30197087
db055c74-b65d-4c82-b896-a3511d3b9733,2024-11-20,0.23097385
e9bd373d-d113-4b1a-af93-c4ad686d534d,2024-11-20,0.26392654
f2bad432-02f8-4117-a8f8-e511a162ca1b,2024-11-20,0.30197087
f3052014-e113-498b-8cf9-c3f01c87ddf7,2024-11-20,0.30197087
09093e39-0b78-4600-9971-58e9926d51d3,2024-11-21,0.2564077
2d03b0db-380b-48b5-8613-1aaab1d62851,2024-11-21,0.2089151
3aa647d7-11ac-4f69-a908-7583f60d3a6d,2024-11-21,0.2564077
5756fe18-9d6e-4ca6-859b-0452ca58f63c,2024-11-21,0.2089151
5a0a7550-2968-401e-9c39-8d8c106c5f2f,2024-11-21,0.2089151
5ccbff81-f3c3-4251-8556-b7b952bd293d,2024-11-21,0.2564077
6e3c99b1-7197-4095-91c5-a641aba86f02,2024-11-21,0.22305557
7610c5ea-2d39-4067-acf1-7db6d095da9d,2024-11-21,0.2089151
7b4b8fe6-231c-4b7d-a275-dfd5924943d0,2024-11-21,0.2564077
9302fd4e-dac0-4f87-b822-88e6021203fa,2024-11-21,0.2089151
9438038a-48e7-4f46-91ce-4ebf6e193963,2024-11-21,0.22305557
a3f2e1c3-5a1a-4e23-afe7-451371768def,2024-11-21,0.22305557
a49d98e9-f6e7-4d1a-a6a8-bc7575c9b038,2024-11-21,0.2564077
b51e3a6b-3e1a-42ce-a28d-25044c090486,2024-11-21,0.22305557
ba0cde20-a8b6-4043-9ff8-4d85a62394f0,2024-11-21,0.2089151
c9dfa1d3-4567-4ef9-ae0a-e16890d01a89,2024-11-21,0.2564077
db055c74-b65d-4c82-b896-a3511d3b9733,2024-11-21,0.2089151
e9bd373d-d113-4b1a-af93-c4ad686d534d,2024-11-21,0.22305557
f2bad432-02f8-4117-a8f8-e511a162ca1b,2024-11-21,0.2564077
f3052014-e113-498b-8cf9-c3f01c87ddf7,2024-11-21,0.2564077
09093e39-0b78-4600-9971-58e9926d51d3,2024-11-22,0.24689452
2d03b0db-380b-48b5-8613-1aaab1d62851,2024-11-22,0.30446362
3aa647d7-11ac-4f69-a908-7583f60d3a6d,2024-11-22,0.24689452
5756fe18-9d6e-4ca6-859b-0452ca58f63c,2024-11-22,0.30446362
5a0a7550-2968-401e-9c39-8d8c106c5f2f,2024-11-22,0.30446362
5ccbff81-f3c3-4251-8556-b7b952bd293d,2024-11-22,0.24689452
6e3c99b1-7197-4095-91c5-a641aba86f02,2024-11-22,0.22402206
7610c5ea-2d39-4067-acf1-7db6d095da9d,2024-11-22,0.30446362
7b4b8fe6-231c-4b7d-a275-dfd5924943d0,2024-11-22,0.24689452
9302fd4e-dac0-4f87-b822-88e6021203fa,2024-11-22,0.30446362
9438038a-48e7-4f46-91ce-4ebf6e193963,2024-11-22,0.22402206
a3f2e1c3-5a1a-4e23-afe7-451371768def,2024-11-22,0.22402206
a49d98e9-f6e7-4d1a-a6a8-bc7575c9b038,2024-11-22,0.24689452
b51e3a6b-3e1a-42ce-a28d-25044c090486,2024-11-22,0.22402206
ba0cde20-a8b6-4043-9ff8-4d85a62394f0,2024-11-22,0.30446362
c9dfa1d3-4567-4ef9-ae0a-e16890d01a89,2024-11-22,0.24689452
db055c74-b65d-4c82-b896-a3511d3b9733,2024-11-22,0.30446362
e9bd373d-d113-4b1a-af93-c4ad686d534d,2024-11-22,0.22402206
f2bad432-02f8-4117-a8f8-e511a162ca1b,2024-11-22,0.24689452
f3052014-e113-498b-8cf9-c3f01c87ddf7,2024-11-22,0.24689452
09093e39-0b78-4600-9971-58e9926d51d3,2024-11-23,0.36007828
2d03b0db-380b-48b5-8613-1aaab1d62851,2024-11-23,0.22792846
3aa647d7-11ac-4f69-a908-7583f60d3a6d,2024-11-23,0.36007828
5756fe18-9d6e-4ca6-859b-0452ca58f63c,2024-11-23,0.22792846
5a0a7550-2968-401e-9c39-8d8c106c5f2f,2024-11-23,0.22792846
5ccbff81-f3c3-4251-8556-b7b952bd293d,2024-11-23,0.36007828
6e3c99b1-7197-4095-91c5-a641aba86f02,2024-11-23,0.22699355
7610c5ea-2d39-4067-acf1-7db6d095da9d,2024-11-23,0.22792846
7b4b8fe6-231c-4b7d-a275-dfd5924943d0,2024-11-23,0.36007828
9302fd4e-dac0-4f87-b822-88e6021203fa,2024-11-23,0.22792846
9438038a-48e7-4f46-91ce-4ebf6e193963,2024-11-23,0.22699355
a3f2e1c3-5a1a-4e23-afe7-451371768def,2024-11-23,0.22699355
a49d98e9-f6e7-4d1a-a6a8-bc7575c9b038,2024-11-23,0.36007828
b51e3a6b-3e1a-42ce-a28d-25044c090486,2024-11-23,0.22699355
ba0cde20-a8b6-4043-9ff8-4d85a62394f0,2024-11-23,0.22792846
c9dfa1d3-4567-4ef9-ae0a-e16890d01a89,2024-11-23,0.36007828
db055c74-b65d-4c82-b896-a3511d3b9733,2024-11-23,0.22792846
e9bd373d-d113-4b1a-af93-c4ad686d534d,2024-11-23,0.22699355
f2bad432-02f8-4117-a8f8-e511a162ca1b,2024-11-23,0.36007828
f3052014-e113-498b-8cf9-c3f01c87ddf7,2024-11-23,0.36007828
09093e39-0b78-4600-9971-58e9926d51d3,2024-11-24,0.43618795
2d03b0db-380b-48b5-8613-1aaab1d62851,2024-11-24,0.22103088
3aa647d7-11ac-4f69-a908-7583f60d3a6d,2024-11-24,0.43618795
5756fe18-9d6e-4ca6-859b-0452ca58f63c,2024-11-24,0.22103088
5a0a7550-2968-401e-9c39-8d8c106c5f2f,2024-11-24,0.22103088
5ccbff81-f3c3-4251-8556-b7b952bd293d,2024-11-24,0.43618795
6e3c99b1-7197-4095-91c5-a641aba86f02,2024-11-24,0.19095515
7610c5ea-2d39-4067-acf1-7db6d095da9d,2024-11-24,0.22103088
7b4b8fe6-231c-4b7d-a275-dfd5924943d0,2024-11-24,0.43618795
9302fd4e-dac0-4f87-b822-88e6021203fa,2024-11-24,0.22103088
9438038a-48e7-4f46-91ce-4ebf6e193963,2024-11-24,0.19095515
a3f2e1c3-5a1a-4e23-afe7-451371768def,2024-11-24,0.19095515
a49d98e9-f6e7-4d1a-a6a8-bc7575c9b038,2024-11-24,0.43618795
b51e3a6b-3e1a-42ce-a28d-25044c090486,2024-11-24,0.19095515
ba0cde20-a8b6-4043-9ff8-4d85a62394f0,2024-11-24,0.22103088
c9dfa1d3-4567-4ef9-ae0a-e16890d01a89,2024-11-24,0.43618795
db055c74-b65d-4c82-b896-a3511d3b9733,2024-11-24,0.22103088
e9bd373d-d113-4b1a-af93-c4ad686d534d,2024-11-24,0.19095515
f2bad432-02f8-4117-a8f8-e511a162ca1b,2024-11-24,0.43618795
f3052014-e113-498b-8cf9-c3f01c87ddf7,2024-11-24,0.43618795
09093e39-0b78-4600-9971-58e9926d51d3,2024-11-25,0.3825611
2d03b0db-380b-48b5-8613-1aaab1d62851,2024-11-25,0.24126832
3aa647d7-11ac-4f69-a908-7583f60d3a6d,2024-11-25,0.3825611
5756fe18-9d6e-4ca6-859b-0452ca58f63c,2024-11-25,0.24126832
5a0a7550-2968-401e-9c39-8d8c106c5f2f,2024-11-25,0.24126832
5ccbff81-f3c3-4251-8556-b7b952bd293d,2024-11-25,0.3825611
6e3c99b1-7197-4095-91c5-a641aba86f02,2024-11-25,0.29725167
7610c5ea-2d39-4067-acf1-7db6d095da9d,2024-11-25,0.24126832
7b4b8fe6-231c-4b7d-a275-dfd5924943d0,2024-11-25,0.3825611
9302fd4e-dac0-4f87-b822-88e6021203fa,2024-11-25,0.24126832
9438038a-48e7-4f46-91ce-4ebf6e193963,2024-11-25,0.29725167
a3f2e1c3-5a1a-4e23-afe7-451371768def,2024-11-25,0.29725167
a49d98e9-f6e7-4d1a-a6a8-bc7575c9b038,2024-11-25,0.3825611
b51e3a6b-3e1a-42ce-a28d-25044c090486,2024-11-25,0.29725167
ba0cde20-a8b6-4043-9ff8-4d85a62394f0,2024-11-25,0.24126832
c9dfa1d3-4567-4ef9-ae0a-e16890d01a89,2024-11-25,0.3825611
db055c74-b65d-4c82-b896-a3511d3b9733,2024-11-25,0.24126832
e9bd373d-d113-4b1a-af93-c4ad686d534d,2024-11-25,0.29725167
f2bad432-02f8-4117-a8f8-e511a162ca1b,2024-11-25,0.3825611
f3052014-e113-498b-8cf9-c3f01c87ddf7,2024-11-25,0.3825611
09093e39-0b78-4600-9971-58e9926d51d3,2024-11-26,0.21572629
2d03b0db-380b-48b5-8613-1aaab1d62851,2024-11-26,0.23904453
3aa647d7-11ac-4f69-a908-7583f60d3a6d,2024-11-26,0.21572629
5756fe18-9d6e-4ca6-859b-0452ca58f63c,2024-11-26,0.23904453
5a0a7550-2968-401e-9c39-8d8c106c5f2f,2024-11-26,0.23904453
5ccbff81-f3c3-4251-8556-b7b952bd293d,2024-11-26,0.21572629
6e3c99b1-7197-4095-91c5-a641aba86f02,2024-11-26,0.19833048
7610c5ea-2d39-4067-acf1-7db6d095da9d,2024-11-26,0.23904453
7b4b8fe6-231c-4b7d-a275-dfd5924943d0,2024-11-26,0.21572629
9302fd4e-dac0-4f87-b822-88e6021203fa,2024-11-26,0.23904453
9438038a-48e7-4f46-91ce-4ebf6e193963,2024-11-26,0.19833048
a3f2e1c3-5a1a-4e23-afe7-451371768def,2024-11-26,0.19833048
a49d98e9-f6e7-4d1a-a6a8-bc7575c9b038,2024-11-26,0.21572629
b51e3a6b-3e1a-42ce-a28d-25044c090486,2024-11-26,0.19833048
ba0cde20-a8b6-4043-9ff8-4d85a62394f0,2024-11-26,0.23904453
c9dfa1d3-4567-4ef9-ae0a-e16890d01a89,2024-11-26,0.21572629
db055c74-b65d-4c82-b896-a3511d3b9733,2024-11-26,0.23904453
e9bd373d-d113-4b1a-af93-c4ad686d534d,2024-11-26,0.19833048
f2bad432-02f8-4117-a8f8-e511a162ca1b,2024-11-26,0.21572629
f3052014-e113-498b-8cf9-c3f01c87ddf7,2024-11-26,0.21572629
09093e39-0b78-4600-9971-58e9926d51d3,2024-11-27,0.20725569
2d03b0db-380b-48b5-8613-1aaab1d62851,2024-11-27,0.21157582
3aa647d7-11ac-4f69-a908-7583f60d3a6d,2024-11-27,0.20725569
5756fe18-9d6e-4ca6-859b-0452ca58f63c,2024-11-27,0.21157582
5a0a7550-2968-401e-9c39-8d8c106c5f2f,2024-11-27,0.21157582
5ccbff81-f3c3-4251-8556-b7b952bd293d,2024-11-27,0.20725569
6e3c99b1-7197-4095-91c5-a641aba86f02,2024-11-27,0.21160895
7610c5ea-2d39-4067-acf1-7db6d095da9d,2024-11-27,0.21157582
7b4b8fe6-231c-4b7d-a275-dfd5924943d0,2024-11-27,0.20725569
9302fd4e-dac0-4f87-b822-88e6021203fa,2024-11-27,0.21157582
9438038a-48e7-4f46-91ce-4ebf6e193963,2024-11-27,0.21160895
a3f2e1c3-5a1a-4e23-afe7-451371768def,2024-11-27,0.21160895
a49d98e9-f6e7-4d1a-a6a8-bc7575c9b038,2024-11-27,0.20725569
b51e3a6b-3e1a-42ce-a28d-25044c090486,2024-11-27,0.21160895
ba0cde20-a8b6-4043-9ff8-4d85a62394f0,2024-11-27,0.21157582
c9dfa1d3-4567-4ef9-ae0a-e16890d01a89,2024-11-27,0.20725569
db055c74-b65d-4c82-b896-a3511d3b9733,2024-11-27,0.21157582
e9bd373d-d113-4b1a-af93-c4ad686d534d,2024-11-27,0.21160895
f2bad432-02f8-4117-a8f8-e511a162ca1b,2024-11-27,0.20725569
f3052014-e113-498b-8cf9-c3f01c87ddf7,2024-11-27,0.20725569
09093e39-0b78-4600-9971-58e9926d51d3,2024-11-28,0.21844956
2d03b0db-380b-48b5-8613-1aaab1d62851,2024-11-28,0.22449641
3aa647d7-11ac-4f69-a908-7583f60d3a6d,2024-11-28,0.21844956
5756fe18-9d6e-4ca6-859b-0452ca58f63c,2024-11-28,0.22449641
5a0a7550-2968-401e-9c39-8d8c106c5f2f,2024-11-28,0.22449641
5ccbff81-f3c3-4251-8556-b7b952bd293d,2024-11-28,0.21844956
6e3c99b1-7197-4095-91c5-a641aba86f02,2024-11-28,0.19770434
7610c5ea-2d39-4067-acf1-7db6d095da9d,2024-11-28,0.22449641
7b4b8fe6-231c-4b7d-a275-dfd5924943d0,2024-11-28,0.21844956
9302fd4e-dac0-4f87-b822-88e6021203fa,2024-11-28,0.22449641
9438038a-48e7-4f46-91ce-4ebf6e193963,2024-11-28,0.19770434
a3f2e1c3-5a1a-4e23-afe7-451371768def,2024-11-28,0.19770434
a49d98e9-f6e7-4d1a-a6a8-bc7575c9b038,2024-11-28,0.21844956
b51e3a6b-3e1a-42ce-a28d-25044c090486,2024-11-28,0.19770434
ba0cde20-a8b6-4043-9ff8-4d85a62394f0,2024-11-28,0.22449641
c9dfa1d3-4567-4ef9-ae0a-e16890d01a89,2024-11-28,0.21844956
db055c74-b65d-4c82-b896-a3511d3b9733,2024-11-28,0.22449641
e9bd373d-d113-4b1a-af93-c4ad686d534d,2024-11-28,0.19770434
f2bad432-02f8-4117-a8f8-e511a162ca1b,2024-11-28,0.21844956
f3052014-e113-498b-8cf9-c3f01c87ddf7,2024-11-28,0.21844956
09093e39-0b78-4600-9971-58e9926d51d3,2024-11-29,0.37890863
2d03b0db-380b-48b5-8613-1aaab1d62851,2024-11-29,0.19248092
3aa647d7-11ac-4f69-a908-7583f60d3a6d,2024-11-29,0.37890863
5756fe18-9d6e-4ca6-859b-0452ca58f63c,2024-11-29,0.19248092
5a0a7550-2968-401e-9c39-8d8c106c5f2f,2024-11-29,0.19248092
5ccbff81-f3c3-4251-8556-b7b952bd293d,2024-11-29,0.37890863
6e3c99b1-7197-4095-91c5-a641aba86f02,2024-11-29,0.19841054
7610c5ea-2d39-4067-acf1-7db6d095da9d,2024-11-29,0.19248092
7b4b8fe6-231c-4b7d-a275-dfd5924943d0,2024-11-29,0.37890863
9302fd4e-dac0-4f87-b822-88e6021203fa,2024-11-29,0.19248092
9438038a-48e7-4f46-91ce-4ebf6e193963,2024-11-29,0.19841054
a3f2e1c3-5a1a-4e23-afe7-451371768def,2024-11-29,0.19841054
a49d98e9-f6e7-4d1a-a6a8-bc7575c9b038,2024-11-29,0.37890863
b51e3a6b-3e1a-42ce-a28d-25044c090486,2024-11-29,0.19841054
ba0cde20-a8b6-4043-9ff8-4d85a62394f0,2024-11-29,0.19248092
c9dfa1d3-4567-4ef9-ae0a-e16890d01a89,2024-11-29,0.37890863
db055c74-b65d-4c82-b896-a3511d3b9733,2024-11-29,0.19248092
e9bd373d-d113-4b1a-af93-c4ad686d534d,2024-11-29,0.19841054
f2bad432-02f8-4117-a8f8-e511a162ca1b,2024-11-29,0.37890863
f3052014-e113-498b-8cf9-c3f01c87ddf7,2024-11-29,0.37890863
09093e39-0b78-4600-9971-58e9926d51d3,2024-11-30,0.27668428
2d03b0db-380b-48b5-8613-1aaab1d62851,2024-11-30,0.28050718
3aa647d7-11ac-4f69-a908-7583f60d3a6d,2024-11-30,0.27668428
5756fe18-9d6e-4ca6-859b-0452ca58f63c,2024-11-30,0.28050718
5a0a7550-2968-401e-9c39-8d8c106c5f2f,2024-11-30,0.28050718
5ccbff81-f3c3-4251-8556-b7b952bd293d,2024-11-30,0.27668428
6e3c99b1-7197-4095-91c5-a641aba86f02,2024-11-30,0.2859544
7610c5ea-2d39-4067-acf1-7db6d095da9d,2024-11-30,0.28050718
7b4b8fe6-231c-4b7d-a275-dfd5924943d0,2024-11-30,0.27668428
9302fd4e-dac0-4f87-b822-88e6021203fa,2024-11-30,0.28050718
9438038a-48e7-4f46-91ce-4ebf6e193963,2024-11-30,0.2859544
a3f2e1c3-5a1a-4e23-afe7-451371768def,2024-11-30,0.2859544
a49d98e9-f6e7-4d1a-a6a8-bc7575c9b038,2024-11-30,0.27668428
b51e3a6b-3e1a-42ce-a28d-25044c090486,2024-11-30,0.2859544
ba0cde20-a8b6-4043-9ff8-4d85a62394f0,2024-11-30,0.28050718
c9dfa1d3-4567-4ef9-ae0a-e16890d01a89,2024-11-30,0.27668428
db055c74-b65d-4c82-b896-a3511d3b9733,2024-11-30,0.28050718
e9bd373d-d113-4b1a-af93-c4ad686d534d,2024-11-30,0.2859544
f2bad432-02f8-4117-a8f8-e511a162ca1b,2024-11-30,0.27668428
f3052014-e113-498b-8cf9-c3f01c87ddf7,2024-11-30,0.27668428
09093e39-0b78-4600-9971-58e9926d51d3,2024-12-01,0.21276739
2d03b0db-380b-48b5-8613-1aaab1d62851,2024-12-01,0.20383398
3aa647d7-11ac-4f69-a908-7583f60d3a6d,2024-12-01,0.21276739
5756fe18-9d6e-4ca6-859b-0452ca58f63c,2024-12-01,0.20383398
5a0a7550-2968-401e-9c39-8d8c106c5f2f,2024-12-01,0.20383398
5ccbff81-f3c3-4251-8556-b7b952bd293d,2024-12-01,0.21276739
6e3c99b1-7197-4095-91c5-a641aba86f02,2024-12-01,0.2090637
7610c5ea-2d39-4067-acf1-7db6d095da9d,2024-12-01,0.20383398
7b4b8fe6-231c-4b7d-a275-dfd5924943d0,2024-12-01,0.21276739
9302fd4e-dac0-4f87-b822-88e6021203fa,2024-12-01,0.20383398
9438038a-48e7-4f46-91ce-4ebf6e193963,2024-12-01,0.2090637
a3f2e1c3-5a1a-4e23-afe7-451371768def,2024-12-01,0.2090637
a49d98e9-f6e7-4d1a-a6a8-bc7575c9b038,2024-12-01,0.21276739
b51e3a6b-3e1a-42ce-a28d-25044c090486,2024-12-01,0.2090637
ba0cde20-a8b6-4043-9ff8-4d85a62394f0,2024-12-01,0.20383398
c9dfa1d3-4567-4ef9-ae0a-e16890d01a89,2024-12-01,0.21276739
db055c74-b65d-4c82-b896-a3511d3b9733,2024-12-01,0.20383398
e9bd373d-d113-4b1a-af93-c4ad686d534d,2024-12-01,0.2090637
f2bad432-02f8-4117-a8f8-e511a162ca1b,2024-12-01,0.21276739
f3052014-e113-498b-8cf9-c3f01c87ddf7,2024-12-01,0.21276739
09093e39-0b78-4600-9971-58e9926d51d3,2024-12-02,0.19428854
2d03b0db-380b-48b5-8613-1aaab1d62851,2024-12-02,0.19530396
3aa647d7-11ac-4f69-a908-7583f60d3a6d,2024-12-02,0.19428854
5756fe18-9d6e-4ca6-859b-0452ca58f63c,2024-12-02,0.19530396
5a0a7550-2968-401e-9c39-8d8c106c5f2f,2024-12-02,0.19530396
5ccbff81-f3c3-4251-8556-b7b952bd293d,2024-12-02,0.19428854
6e3c99b1-7197-4095-91c5-a641aba86f02,2024-12-02,0.20036991
7610c5ea-2d39-4067-acf1-7db6d095da9d,2024-12-02,0.19530396
7b4b8fe6-231c-4b7d-a275-dfd5924943d0,2024-12-02,0.19428854
9302fd4e-dac0-4f87-b822-88e6021203fa,2024-12-02,0.19530396
9438038a-48e7-4f46-91ce-4ebf6e193963,2024-12-02,0.20036991
a3f2e1c3-5a1a-4e23-afe7-451371768def,2024-12-02,0.20036991
a49d98e9-f6e7-4d1a-a6a8-bc7575c9b038,2024-12-02,0.19428854
b51e3a6b-3e1a-42ce-a28d-25044c090486,2024-12-02,0.20036991
ba0cde20-a8b6-4043-9ff8-4d85a62394f0,2024-12-02,0.19530396
c9dfa1d3-4567-4ef9-ae0a-e16890d01a89,2024-12-02,0.19428854
db055c74-b65d-4c82-b896-a3511d3b9733,2024-12-02,0.19530396
e9bd373d-d113-4b1a-af93-c4ad686d534d,2024-12-02,0.20036991
f2bad432-02f8-4117-a8f8-e511a162ca1b,2024-12-02,0.19428854
f3052014-e113-498b-8cf9-c3f01c87ddf7,2024-12-02,0.19428854
09093e39-0b78-4600-9971-58e9926d51d3,2024-12-03,0.21094722
2d03b0db-380b-48b5-8613-1aaab1d62851,2024-12-03,0.22615306
3aa647d7-11ac-4f69-a908-7583f60d3a6d,2024-12-03,0.21094722
5756fe18-9d6e-4ca6-859b-0452ca58f63c,2024-12-03,0.22615306
5a0a7550-2968-401e-9c39-8d8c106c5f2f,2024-12-03,0.22615306
5ccbff81-f3c3-4251-8556-b7b952bd293d,2024-12-03,0.21094722
6e3c99b1-7197-4095-91c5-a641aba86f02,2024-12-03,0.25826153
7610c5ea-2d39-4067-acf1-7db6d095da9d,2024-12-03,0.22615306
7b4b8fe6-231c-4b7d-a275-dfd5924943d0,2024-12-03,0.21094722
9302fd4e-dac0-4f87-b822-88e6021203fa,2024-12-03,0.22615306
9438038a-48e7-4f46-91ce-4ebf6e193963,2024-12-03,0.25826153
a3f2e1c3-5a1a-4e23-afe7-451371768def,2024-12-03,0.25826153
a49d98e9-f6e7-4d1a-a6a8-bc7575c9b038,2024-12-03,0.21094722
b51e3a6b-3e1a-42ce-a28d-25044c090486,2024-12-03,0.25826153
ba0cde20-a8b6-4043-9ff8-4d85a62394f0,2024-12-03,0.22615306
c9dfa1d3-4567-4ef9-ae0a-e16890d01a89,2024-12-03,0.21094722
db055c74-b65d-4c82-b896-a3511d3b9733,2024-12-03,0.22615306
e9bd373d-d113-4b1a-af93-c4ad686d534d,2024-12-03,0.25826153
f2bad432-02f8-4117-a8f8-e511a162ca1b,2024-12-03,0.21094722
f3052014-e113-498b-8cf9-c3f01c87ddf7,2024-12-03,0.21094722
09093e39-0b78-4600-9971-58e9926d51d3,2024-12-04,0.26725307
2d03b0db-380b-48b5-8613-1aaab1d62851,2024-12-04,0.22156243
3aa647d7-11ac-4f69-a908-7583f60d3a6d,2024-12-04,0.26725307
5756fe18-9d6e-4ca6-859b-0452ca58f63c,2024-12-04,0.22156243
5a0a7550-2968-401e-9c39-8d8c106c5f2f,2024-12-04,0.22156243
5ccbff81-f3c3-4251-8556-b7b952bd293d,2024-12-04,0.26725307
6e3c99b1-7197-4095-91c5-a641aba86f02,2024-12-04,0.240407
7610c5ea-2d39-4067-acf1-7db6d095da9d,2024-12-04,0.22156243
7b4b8fe6-231c-4b7d-a275-dfd5924943d0,2024-12-04,0.26725307
9302fd4e-dac0-4f87-b822-88e6021203fa,2024-12-04,0.22156243
9438038a-48e7-4f46-91ce-4ebf6e193963,2024-12-04,0.240407
a3f2e1c3-5a1a-4e23-afe7-451371768def,2024-12-04,0.240407
a49d98e9-f6e7-4d1a-a6a8-bc7575c9b038,2024-12-04,0.26725307
b51e3a6b-3e1a-42ce-a28d-25044c090486,2024-12-04,0.240407
ba0cde20-a8b6-4043-9ff8-4d85a62394f0,2024-12-04,0.22156243
c9dfa1d3-4567-4ef9-ae0a-e16890d01a89,2024-12-04,0.26725307
db055c74-b65d-4c82-b896-a3511d3b9733,2024-12-04,0.22156243
e9bd373d-d113-4b1a-af93-c4ad686d534d,2024-12-04,0.240407
f2bad432-02f8-4117-a8f8-e511a162ca1b,2024-12-04,0.26725307
f3052014-e113-498b-8cf9-c3f01c87ddf7,2024-12-04,0.26725307
09093e39-0b78-4600-9971-58e9926d51d3,2024-12-05,0.2507689
2d03b0db-380b-48b5-8613-1aaab1d62851,2024-12-05,0.2831327
3aa647d7-11ac-4f69-a908-7583f60d3a6d,2024-12-05,0.2507689
5756fe18-9d6e-4ca6-859b-0452ca58f63c,2024-12-05,0.2831327
5a0a7550-2968-401e-9c39-8d8c106c5f2f,2024-12-05,0.2831327
5ccbff81-f3c3-4251-8556-b7b952bd293d,2024-12-05,0.2507689
6e3c99b1-7197-4095-91c5-a641aba86f02,2024-12-05,0.22812568
7610c5ea-2d39-4067-acf1-7db6d095da9d,2024-12-05,0.2831327
7b4b8fe6-231c-4b7d-a275-dfd5924943d0,2024-12-05,0.2507689
9302fd4e-dac0-4f87-b822-88e6021203fa,2024-12-05,0.2831327
9438038a-48e7-4f46-91ce-4ebf6e193963,2024-12-05,0.22812568
a3f2e1c3-5a1a-4e23-afe7-451371768def,2024-12-05,0.22812568
a49d98e9-f6e7-4d1a-a6a8-bc7575c9b038,2024-12-05,0.2507689
b51e3a6b-3e1a-42ce-a28d-25044c090486,2024-12-05,0.22812568
ba0cde20-a8b6-4043-9ff8-4d85a62394f0,2024-12-05,0.2831327
c9dfa1d3-4567-4ef9-ae0a-e16890d01a89,2024-12-05,0.2507689
db055c74-b65d-4c82-b896-a3511d3b9733,2024-12-05,0.2831327
e9bd373d-d113-4b1a-af93-c4ad686d534d,2024-12-05,0.22812568
f2bad432-02f8-4117-a8f8-e511a162ca1b,2024-12-05,0.2507689
f3052014-e113-498b-8cf9-c3f01c87ddf7,2024-12-05,0.2507689
09093e39-0b78-4600-9971-58e9926d51d3,2024-12-06,0.22032236
2d03b0db-380b-48b5-8613-1aaab1d62851,2024-12-06,0.14458916
3aa647d7-11ac-4f69-a908-7583f60d3a6d,2024-12-06,0.22032236
5756fe18-9d6e-4ca6-859b-0452ca58f63c,2024-12-06,0.14458916
5a0a7550-2968-401e-9c39-8d8c106c5f2f,2024-12-06,0.14458916
5ccbff81-f3c3-4251-8556-b7b952bd293d,2024-12-06,0.22032236
6e3c99b1-7197-4095-91c5-a641aba86f02,2024-12-06,0.17672579
7610c5ea-2d39-4067-acf1-7db6d095da9d,2024-12-06,0.14458916
7b4b8fe6-231c-4b7d-a275-dfd5924943d0,2024-12-06,0.22032236
9302fd4e-dac0-4f87-b822-88e6021203fa,2024-12-06,0.14458916
9438038a-48e7-4f46-91ce-4ebf6e193963,2024-12-06,0.17672579
a3f2e1c3-5a1a-4e23-afe7-451371768def,2024-12-06,0.17672579
a49d98e9-f6e7-4d1a-a6a8-bc7575c9b038,2024-12-06,0.22032236
b51e3a6b-3e1a-42ce-a28d-25044c090486,2024-12-06,0.17672579
ba0cde20-a8b6-4043-9ff8-4d85a62394f0,2024-12-06,0.14458916
c9dfa1d3-4567-4ef9-ae0a-e16890d01a89,2024-12-06,0.22032236
db055c74-b65d-4c82-b896-a3511d3b9733,2024-12-06,0.14458916
e9bd373d-d113-4b1a-af93-c4ad686d534d,2024-12-06,0.17672579
f2bad432-02f8-4117-a8f8-e511a162ca1b,2024-12-06,0.22032236
f3052014-e113-498b-8cf9-c3f01c87ddf7,2024-12-06,0.22032236
09093e39-0b78-4600-9971-58e9926d51d3,2024-12-07,0.23109223
2d03b0db-380b-48b5-8613-1aaab1d62851,2024-12-07,0.24637316
3aa647d7-11ac-4f69-a908-7583f60d3a6d,2024-12-07,0.23109223
5756fe18-9d6e-4ca6-859b-0452ca58f63c,2024-12-07,0.24637316
5a0a7550-2968-401e-9c39-8d8c106c5f2f,2024-12-07,0.24637316
5ccbff81-f3c3-4251-8556-b7b952bd293d,2024-12-07,0.23109223
6e3c99b1-7197-4095-91c5-a641aba86f02,2024-12-07,0.2742955
7610c5ea-2d39-4067-acf1-7db6d095da9d,2024-12-07,0.24637316
7b4b8fe6-231c-4b7d-a275-dfd5924943d0,2024-12-07,0.23109223
9302fd4e-dac0-4f87-b822-88e6021203fa,2024-12-07,0.24637316
9438038a-48e7-4f46-91ce-4ebf6e193963,2024-12-07,0.2742955
a3f2e1c3-5a1a-4e23-afe7-451371768def,2024-12-07,0.2742955
a49d98e9-f6e7-4d1a-a6a8-bc7575c9b038,2024-12-07,0.23109223
b51e3a6b-3e1a-42ce-a28d-25044c090486,2024-12-07,0.2742955
ba0cde20-a8b6-4043-9ff8-4d85a62394f0,2024-12-07,0.24637316
c9dfa1d3-4567-4ef9-ae0a-e16890d01a89,2024-12-07,0.23109223
db055c74-b65d-4c82-b896-a3511d3b9733,2024-12-07,0.24637316
e9bd373d-d113-4b1a-af93-c4ad686d534d,2024-12-07,0.2742955
f2bad432-02f8-4117-a8f8-e511a162ca1b,2024-12-07,0.23109223
f3052014-e113-498b-8cf9-c3f01c87ddf7,2024-12-07,0.23109223
09093e39-0b78-4600-9971-58e9926d51d3,2024-12-08,0.20017196
2d03b0db-380b-48b5-8613-1aaab1d62851,2024-12-08,0.21594876
3aa647d7-11ac-4f69-a908-7583f60d3a6d,2024-12-08,0.20017196
5756fe18-9d6e-4ca6-859b-0452ca58f63c,2024-12-08,0.21594876
5a0a7550-2968-401e-9c39-8d8c106c5f2f,2024-12-08,0.21594876
5ccbff81-f3c3-4251-8556-b7b952bd293d,2024-12-08,0.20017196
6e3c99b1-7197-4095-91c5-a641aba86f02,2024-12-08,0.19557172
7610c5ea-2d39-4067-acf1-7db6d095da9d,2024-12-08,0.21594876
7b4b8fe6-231c-4b7d-a275-dfd5924943d0,2024-12-08,0.20017196
9302fd4e-dac0-4f87-b822-88e6021203fa,2024-12-08,0.21594876
9438038a-48e7-4f46-91ce-4ebf6e193963,2024-12-08,0.19557172
a3f2e1c3-5a1a-4e23-afe7-451371768def,2024-12-08,0.19557172
a49d98e9-f6e7-4d1a-a6a8-bc7575c9b038,2024-12-08,0.20017196
b51e3a6b-3e1a-42ce-a28d-25044c090486,2024-12-08,0.19557172
ba0cde20-a8b6-4043-9ff8-4d85a62394f0,2024-12-08,0.21594876
c9dfa1d3-4567-4ef9-ae0a-e16890d01a89,2024-12-08,0.20017196
db055c74-b65d-4c82-b896-a3511d3b9733,2024-12-08,0.21594876
e9bd373d-d113-4b1a-af93-c4ad686d534d,2024-12-08,0.19557172
f2bad432-02f8-4117-a8f8-e511a162ca1b,2024-12-08,0.20017196
f3052014-e113-498b-8cf9-c3f01c87ddf7,2024-12-08,0.20017196
09093e39-0b78-4600-9971-58e9926d51d3,2024-12-09,0.08492066
2d03b0db-380b-48b5-8613-1aaab1d62851,2024-12-09,0.10257149
3aa647d7-11ac-4f69-a908-7583f60d3a6d,2024-12-09,0.08492066
5756fe18-9d6e-4ca6-859b-0452ca58f63c,2024-12-09,0.10257149
5a0a7550-2968-401e-9c39-8d8c106c5f2f,2024-12-09,0.10257149
5ccbff81-f3c3-4251-8556-b7b952bd293d,2024-12-09,0.08492066
6e3c99b1-7197-4095-91c5-a641aba86f02,2024-12-09,0.09920273
7610c5ea-2d39-4067-acf1-7db6d095da9d,2024-12-09,0.10257149
7b4b8fe6-231c-4b7d-a275-dfd5924943d0,2024-12-09,0.08492066
9302fd4e-dac0-4f87-b822-88e6021203fa,2024-12-09,0.10257149
9438038a-48e7-4f46-91ce-4ebf6e193963,2024-12-09,0.09920273
a3f2e1c3-5a1a-4e23-afe7-451371768def,2024-12-09,0.09920273
a49d98e9-f6e7-4d1a-a6a8-bc7575c9b038,2024-12-09,0.08492066
b51e3a6b-3e1a-42ce-a28d-25044c090486,2024-12-09,0.09920273
ba0cde20-a8b6-4043-9ff8-4d85a62394f0,2024-12-09,0.10257149
c9dfa1d3-4567-4ef9-ae0a-e16890d01a89,2024-12-09,0.08492066
db055c74-b65d-4c82-b896-a3511d3b9733,2024-12-09,0.10257149
e9bd373d-d113-4b1a-af93-c4ad686d534d,2024-12-09,0.09920273
f2bad432-02f8-4117-a8f8-e511a162ca1b,2024-12-09,0.08492066
f3052014-e113-498b-8cf9-c3f01c87ddf7,2024-12-09,0.08492066
09093e39-0b78-4600-9971-58e9926d51d3,2024-12-10,0.23699942
2d03b0db-380b-48b5-8613-1aaab1d62851,2024-12-10,0.24415804
3aa647d7-11ac-4f69-a908-7583f60d3a6d,2024-12-10,0.23699942
5756fe18-9d6e-4ca6-859b-0452ca58f63c,2024-12-10,0.24415804
5a0a7550-2968-401e-9c39-8d8c106c5f2f,2024-12-10,0.24415804
5ccbff81-f3c3-4251-8556-b7b952bd293d,2024-12-10,0.23699942
6e3c99b1-7197-4095-91c5-a641aba86f02,2024-12-10,0.264938
7610c5ea-2d39-4067-acf1-7db6d095da9d,2024-12-10,0.24415804
7b4b8fe6-231c-4b7d-a275-dfd5924943d0,2024-12-10,0.23699942
9302fd4e-dac0-4f87-b822-88e6021203fa,2024-12-10,0.24415804
9438038a-48e7-4f46-91ce-4ebf6e193963,2024-12-10,0.264938
a3f2e1c3-5a1a-4e23-afe7-451371768def,2024-12-10,0.264938
a49d98e9-f6e7-4d1a-a6a8-bc7575c9b038,2024-12-10,0.23699942
b51e3a6b-3e1a-42ce-a28d-25044c090486,2024-12-10,0.264938
ba0cde20-a8b6-4043-9ff8-4d85a62394f0,2024-12-10,0.24415804
c9dfa1d3-4567-4ef9-ae0a-e16890d01a89,2024-12-10,0.23699942
db055c74-b65d-4c82-b896-a3511d3b9733,2024-12-10,0.24415804
e9bd373d-d113-4b1a-af93-c4ad686d534d,2024-12-10,0.264938
f2bad432-02f8-4117-a8f8-e511a162ca1b,2024-12-10,0.23699942
f3052014-e113-498b-8cf9-c3f01c87ddf7,2024-12-10,0.23699942
09093e39-0b78-4600-9971-58e9926d51d3,2024-12-11,0.25963336
2d03b0db-380b-48b5-8613-1aaab1d62851,2024-12-11,0.28376904
3aa647d7-11ac-4f69-a908-7583f60d3a6d,2024-12-11,0.25963336
5756fe18-9d6e-4ca6-859b-0452ca58f63c,2024-12-11,0.28376904
5a0a7550-2968-401e-9c39-8d8c106c5f2f,2024-12-11,0.28376904
5ccbff81-f3c3-4251-8556-b7b952bd293d,2024-12-11,0.25963336
6e3c99b1-7197-4095-91c5-a641aba86f02,2024-12-11,0.18121693
7610c5ea-2d39-4067-acf1-7db6d095da9d,2024-12-11,0.28376904
7b4b8fe6-231c-4b7d-a275-dfd5924943d0,2024-12-11,0.25963336
9302fd4e-dac0-4f87-b822-88e6021203fa,2024-12-11,0.28376904
9438038a-48e7-4f46-91ce-4ebf6e193963,2024-12-11,0.18121693
a3f2e1c3-5a1a-4e23-afe7-451371768def,2024-12-11,0.18121693
a49d98e9-f6e7-4d1a-a6a8-bc7575c9b038,2024-12-11,0.25963336
b51e3a6b-3e1a-42ce-a28d-25044c090486,2024-12-11,0.18121693
ba0cde20-a8b6-4043-9ff8-4d85a62394f0,2024-12-11,0.28376904
c9dfa1d3-4567-4ef9-ae0a-e16890d01a89,2024-12-11,0.25963336
db055c74-b65d-4c82-b896-a3511d3b9733,2024-12-11,0.28376904
e9bd373d-d113-4b1a-af93-c4ad686d534d,2024-12-11,0.18121693
f2bad432-02f8-4117-a8f8-e511a162ca1b,2024-12-11,0.25963336
f3052014-e113-498b-8cf9-c3f01c87ddf7,2024-12-11,0.25963336
09093e39-0b78-4600-9971-58e9926d51d3,2024-12-12,0.30741772
2d03b0db-380b-48b5-8613-1aaab1d62851,2024-12-12,0.29589674
3aa647d7-11ac-4f69-a908-7583f60d3a6d,2024-12-12,0.30741772
5756fe18-9d6e-4ca6-859b-0452ca58f63c,2024-12-12,0.29589674
5a0a7550-2968-401e-9c39-8d8c106c5f2f,2024-12-12,0.29589674
5ccbff81-f3c3-4251-8556-b7b952bd293d,2024-12-12,0.30741772
6e3c99b1-7197-4095-91c5-a641aba86f02,2024-12-12,0.28150377
7610c5ea-2d39-4067-acf1-7db6d095da9d,2024-12-12,0.29589674
7b4b8fe6-231c-4b7d-a275-dfd5924943d0,2024-12-12,0.30741772
9302fd4e-dac0-4f87-b822-88e6021203fa,2024-12-12,0.29589674
9438038a-48e7-4f46-91ce-4ebf6e193963,2024-12-12,0.28150377
a3f2e1c3-5a1a-4e23-afe7-451371768def,2024-12-12,0.28150377
a49d98e9-f6e7-4d1a-a6a8-bc7575c9b038,2024-12-12,0.30741772
b51e3a6b-3e1a-42ce-a28d-25044c090486,2024-12-12,0.28150377
ba0cde20-a8b6-4043-9ff8-4d85a62394f0,2024-12-12,0.29589674
c9dfa1d3-4567-4ef9-ae0a-e16890d01a89,2024-12-12,0.30741772
db055c74-b65d-4c82-b896-a3511d3b9733,2024-12-12,0.29589674
e9bd373d-d113-4b1a-af93-c4ad686d534d,2024-12-12,0.28150377
f2bad432-02f8-4117-a8f8-e511a162ca1b,2024-12-12,0.30741772
f3052014-e113-498b-8cf9-c3f01c87ddf7,2024-12-12,0.30741772
09093e39-0b78-4600-9971-58e9926d51d3,2024-12-13,0.26702538
2d03b0db-380b-48b5-8613-1aaab1d62851,2024-12-13,0.29874057
3aa647d7-11ac-4f69-a908-7583f60d3a6d,2024-12-13,0.26702538
5756fe18-9d6e-4ca6-859b-0452ca58f63c,2024-12-13,0.29874057
5a0a7550-2968-401e-9c39-8d8c106c5f2f,2024-12-13,0.29874057
5ccbff81-f3c3-4251-8556-b7b952bd293d,2024-12-13,0.26702538
6e3c99b1-7197-4095-91c5-a641aba86f02,2024-12-13,0.3096313
7610c5ea-2d39-4067-acf1-7db6d095da9d,2024-12-13,0.29874057
7b4b8fe6-231c-4b7d-a275-dfd5924943d0,2024-12-13,0.26702538
9302fd4e-dac0-4f87-b822-88e6021203fa,2024-12-13,0.29874057
9438038a-48e7-4f46-91ce-4ebf6e193963,2024-12-13,0.3096313
a3f2e1c3-5a1a-4e23-afe7-451371768def,2024-12-13,0.3096313
a49d98e9-f6e7-4d1a-a6a8-bc7575c9b038,2024-12-13,0.26702538
b51e3a6b-3e1a-42ce-a28d-25044c090486,2024-12-13,0.3096313
ba0cde20-a8b6-4043-9ff8-4d85a62394f0,2024-12-13,0.29874057
c9dfa1d3-4567-4ef9-ae0a-e16890d01a89,2024-12-13,0.26702538
db055c74-b65d-4c82-b896-a3511d3b9733,2024-12-13,0.29874057
e9bd373d-d113-4b1a-af93-c4ad686d534d,2024-12-13,0.3096313
f2bad432-02f8-4117-a8f8-e511a162ca1b,2024-12-13,0.26702538
f3052014-e113-498b-8cf9-c3f01c87ddf7,2024-12-13,0.26702538
09093e39-0b78-4600-9971-58e9926d51d3,2024-12-14,0.2884708
2d03b0db-380b-48b5-8613-1aaab1d62851,2024-12-14,0.24629694
3aa647d7-11ac-4f69-a908-7583f60d3a6d,2024-12-14,0.2884708
5756fe18-9d6e-4ca6-859b-0452ca58f63c,2024-12-14,0.24629694
5a0a7550-2968-401e-9c39-8d8c106c5f2f,2024-12-14,0.24629694
5ccbff81-f3c3-4251-8556-b7b952bd293d,2024-12-14,0.2884708
6e3c99b1-7197-4095-91c5-a641aba86f02,2024-12-14,0.19506039
7610c5ea-2d39-4067-acf1-7db6d095da9d,2024-12-14,0.24629694
7b4b8fe6-231c-4b7d-a275-dfd5924943d0,2024-12-14,0.2884708
9302fd4e-dac0-4f87-b822-88e6021203fa,2024-12-14,0.24629694
9438038a-48e7-4f46-91ce-4ebf6e193963,2024-12-14,0.19506039
a3f2e1c3-5a1a-4e23-afe7-451371768def,2024-12-14,0.19506039
a49d98e9-f6e7-4d1a-a6a8-bc7575c9b038,2024-12-14,0.2884708
b51e3a6b-3e1a-42ce-a28d-25044c090486,2024-12-14,0.19506039
ba0cde20-a8b6-4043-9ff8-4d85a62394f0,2024-12-14,0.24629694
c9dfa1d3-4567-4ef9-ae0a-e16890d01a89,2024-12-14,0.2884708
db055c74-b65d-4c82-b896-a3511d3b9733,2024-12-14,0.24629694
e9bd373d-d113-4b1a-af93-c4ad686d534d,2024-12-14,0.19506039
f2bad432-02f8-4117-a8f8-e511a162ca1b,2024-12-14,0.2884708
f3052014-e113-498b-8cf9-c3f01c87ddf7,2024-12-14,0.2884708
09093e39-0b78-4600-9971-58e9926d51d3,2024-12-15,0.27826163
2d03b0db-380b-48b5-8613-1aaab1d62851,2024-12-15,0.21956557
3aa647d7-11ac-4f69-a908-7583f60d3a6d,2024-12-15,0.27826163
5756fe18-9d6e-4ca6-859b-0452ca58f63c,2024-12-15,0.21956557
5a0a7550-2968-401e-9c39-8d8c106c5f2f,2024-12-15,0.21956557
5ccbff81-f3c3-4251-8556-b7b952bd293d,2024-12-15,0.27826163
6e3c99b1-7197-4095-91c5-a641aba86f02,2024-12-15,0.21286976
7610c5ea-2d39-4067-acf1-7db6d095da9d,2024-12-15,0.21956557
7b4b8fe6-231c-4b7d-a275-dfd5924943d0,2024-12-15,0.27826163
9302fd4e-dac0-4f87-b822-88e6021203fa,2024-12-15,0.21956557
9438038a-48e7-4f46-91ce-4ebf6e193963,2024-12-15,0.21286976
a3f2e1c3-5a1a-4e23-afe7-451371768def,2024-12-15,0.21286976
a49d98e9-f6e7-4d1a-a6a8-bc7575c9b038,2024-12-15,0.27826163
b51e3a6b-3e1a-42ce-a28d-25044c090486,2024-12-15,0.21286976
ba0cde20-a8b6-4043-9ff8-4d85a62394f0,2024-12-15,0.21956557
c9dfa1d3-4567-4ef9-ae0a-e16890d01a89,2024-12-15,0.27826163
db055c74-b65d-4c82-b896-a3511d3b9733,2024-12-15,0.21956557
e9bd373d-d113-4b1a-af93-c4ad686d534d,2024-12-15,0.21286976
f2bad432-02f8-4117-a8f8-e511a162ca1b,2024-12-15,0.27826163
f3052014-e113-498b-8cf9-c3f01c87ddf7,2024-12-15,0.27826163
09093e39-0b78-4600-9971-58e9926d51d3,2024-12-16,0.29435006
2d03b0db-380b-48b5-8613-1aaab1d62851,2024-12-16,0.30061787
3aa647d7-11ac-4f69-a908-7583f60d3a6d,2024-12-16,0.29435006
5756fe18-9d6e-4ca6-859b-0452ca58f63c,2024-12-16,0.30061787
5a0a7550-2968-401e-9c39-8d8c106c5f2f,2024-12-16,0.30061787
5ccbff81-f3c3-4251-8556-b7b952bd293d,2024-12-16,0.29435006
6e3c99b1-7197-4095-91c5-a641aba86f02,2024-12-16,0.31631607
7610c5ea-2d39-4067-acf1-7db6d095da9d,2024-12-16,0.30061787
7b4b8fe6-231c-4b7d-a275-dfd5924943d0,2024-12-16,0.29435006
9302fd4e-dac0-4f87-b822-88e6021203fa,2024-12-16,0.30061787
9438038a-48e7-4f46-91ce-4ebf6e193963,2024-12-16,0.31631607
a3f2e1c3-5a1a-4e23-afe7-451371768def,2024-12-16,0.31631607
a49d98e9-f6e7-4d1a-a6a8-bc7575c9b038,2024-12-16,0.29435006
b51e3a6b-3e1a-42ce-a28d-25044c090486,2024-12-16,0.31631607
ba0cde20-a8b6-4043-9ff8-4d85a62394f0,2024-12-16,0.30061787
c9dfa1d3-4567-4ef9-ae0a-e16890d01a89,2024-12-16,0.29435006
db055c74-b65d-4c82-b896-a3511d3b9733,2024-12-16,0.30061787
e9bd373d-d113-4b1a-af93-c4ad686d534d,2024-12-16,0.31631607
f2bad432-02f8-4117-a8f8-e511a162ca1b,2024-12-16,0.29435006
f3052014-e113-498b-8cf9-c3f01c87ddf7,2024-12-16,0.29435006
09093e39-0b78-4600-9971-58e9926d51d3,2024-12-17,0.17592444
2d03b0db-380b-48b5-8613-1aaab1d62851,2024-12-17,0.1568724
3aa647d7-11ac-4f69-a908-7583f60d3a6d,2024-12-17,0.17592444
5756fe18-9d6e-4ca6-859b-0452ca58f63c,2024-12-17,0.1568724
5a0a7550-2968-401e-9c39-8d8c106c5f2f,2024-12-17,0.1568724
5ccbff81-f3c3-4251-8556-b7b952bd293d,2024-12-17,0.17592444
6e3c99b1-7197-4095-91c5-a641aba86f02,2024-12-17,0.21787176
7610c5ea-2d39-4067-acf1-7db6d095da9d,2024-12-17,0.1568724
7b4b8fe6-231c-4b7d-a275-dfd5924943d0,2024-12-17,0.17592444
9302fd4e-dac0-4f87-b822-88e6021203fa,2024-12-17,0.1568724
9438038a-48e7-4f46-91ce-4ebf6e193963,2024-12-17,0.21787176
a3f2e1c3-5a1a-4e23-afe7-451371768def,2024-12-17,0.21787176
a49d98e9-f6e7-4d1a-a6a8-bc7575c9b038,2024-12-17,0.17592444
b51e3a6b-3e1a-42ce-a28d-25044c090486,2024-12-17,0.21787176
ba0cde20-a8b6-4043-9ff8-4d85a62394f0,2024-12-17,0.1568724
c9dfa1d3-4567-4ef9-ae0a-e16890d01a89,2024-12-17,0.17592444
db055c74-b65d-4c82-b896-a3511d3b9733,2024-12-17,0.1568724
e9bd373d-d113-4b1a-af93-c4ad686d534d,2024-12-17,0.21787176
f2bad432-02f8-4117-a8f8-e511a162ca1b,2024-12-17,0.17592444
f3052014-e113-498b-8cf9-c3f01c87ddf7,2024-12-17,0.17592444
09093e39-0b78-4600-9971-58e9926d51d3,2024-12-18,0.24677922
2d03b0db-380b-48b5-8613-1aaab1d62851,2024-12-18,0.24019708
3aa647d7-11ac-4f69-a908-7583f60d3a6d,2024-12-18,0.24677922
5756fe18-9d6e-4ca6-859b-0452ca58f63c,2024-12-18,0.24019708
5a0a7550-2968-401e-9c39-8d8c106c5f2f,2024-12-18,0.24019708
5ccbff81-f3c3-4251-8556-b7b952bd293d,2024-12-18,0.24677922
6e3c99b1-7197-4095-91c5-a641aba86f02,2024-12-18,0.19054875
7610c5ea-2d39-4067-acf1-7db6d095da9d,2024-12-18,0.24019708
7b4b8fe6-231c-4b7d-a275-dfd5924943d0,2024-12-18,0.24677922
9302fd4e-dac0-4f87-b822-88e6021203fa,2024-12-18,0.24019708
9438038a-48e7-4f46-91ce-4ebf6e193963,2024-12-18,0.19054875
a3f2e1c3-5a1a-4e23-afe7-451371768def,2024-12-18,0.19054875
a49d98e9-f6e7-4d1a-a6a8-bc7575c9b038,2024-12-18,0.24677922
b51e3a6b-3e1a-42ce-a28d-25044c090486,2024-12-18,0.19054875
ba0cde20-a8b6-4043-9ff8-4d85a62394f0,2024-12-18,0.24019708
c9dfa1d3-4567-4ef9-ae0a-e16890d01a89,2024-12-18,0.24677922
db055c74-b65d-4c82-b896-a3511d3b9733,2024-12-18,0.24019708
e9bd373d-d113-4b1a-af93-c4ad686d534d,2024-12-18,0.19054875
f2bad432-02f8-4117-a8f8-e511a162ca1b,2024-12-18,0.24677922
f3052014-e113-498b-8cf9-c3f01c87ddf7,2024-12-18,0.24677922
09093e39-0b78-4600-9971-58e9926d51d3,2024-12-19,0.24266489
2d03b0db-380b-48b5-8613-1aaab1d62851,2024-12-19,0.26750207
3aa647d7-11ac-4f69-a908-7583f60d3a6d,2024-12-19,0.24266489
5756fe18-9d6e-4ca6-859b-0452ca58f63c,2024-12-19,0.26750207
5a0a7550-2968-401e-9c39-8d8c106c5f2f,2024-12-19,0.26750207
5ccbff81-f3c3-4251-8556-b7b952bd293d,2024-12-19,0.24266489
6e3c99b1-7197-4095-91c5-a641aba86f02,2024-12-19,0.24356283
7610c5ea-2d39-4067-acf1-7db6d095da9d,2024-12-19,0.26750207
7b4b8fe6-231c-4b7d-a275-dfd5924943d0,2024-12-19,0.24266489
9302fd4e-dac0-4f87-b822-88e6021203fa,2024-12-19,0.26750207
9438038a-48e7-4f46-91ce-4ebf6e193963,2024-12-19,0.24356283
a3f2e1c3-5a1a-4e23-afe7-451371768def,2024-12-19,0.24356283
a49d98e9-f6e7-4d1a-a6a8-bc7575c9b038,2024-12-19,0.24266489
b51e3a6b-3e1a-42ce-a28d-25044c090486,2024-12-19,0.24356283
ba0cde20-a8b6-4043-9ff8-4d85a62394f0,2024-12-19,0.26750207
c9dfa1d3-4567-4ef9-ae0a-e16890d01a89,2024-12-19,0.24266489
db055c74-b65d-4c82-b896-a3511d3b9733,2024-12-19,0.26750207
e9bd373d-d113-4b1a-af93-c4ad686d534d,2024-12-19,0.24356283
f2bad432-02f8-4117-a8f8-e511a162ca1b,2024-12-19,0.24266489
f3052014-e113-498b-8cf9-c3f01c87ddf7,2024-12-19,0.24266489
09093e39-0b78-4600-9971-58e9926d51d3,2024-12-20,0.19763231
2d03b0db-380b-48b5-8613-1aaab1d62851,2024-12-20,0.20066144
3aa647d7-11ac-4f69-a908-7583f60d3a6d,2024-12-20,0.19763231
5756fe18-9d6e-4ca6-859b-0452ca58f63c,2024-12-20,0.20066144
5a0a7550-2968-401e-9c39-8d8c106c5f2f,2024-12-20,0.20066144
5ccbff81-f3c3-4251-8556-b7b952bd293d,2024-12-20,0.19763231
6e3c99b1-7197-4095-91c5-a641aba86f02,2024-12-20,0.2058308
7610c5ea-2d39-4067-acf1-7db6d095da9d,2024-12-20,0.20066144
7b4b8fe6-231c-4b7d-a275-dfd5924943d0,2024-12-20,0.19763231
9302fd4e-dac0-4f87-b822-88e6021203fa,2024-12-20,0.20066144
9438038a-48e7-4f46-91ce-4ebf6e193963,2024-12-20,0.2058308
a3f2e1c3-5a1a-4e23-afe7-451371768def,2024-12-20,0.2058308
a49d98e9-f6e7-4d1a-a6a8-bc7575c9b038,2024-12-20,0.19763231
b51e3a6b-3e1a-42ce-a28d-25044c090486,2024-12-20,0.2058308
ba0cde20-a8b6-4043-9ff8-4d85a62394f0,2024-12-20,0.20066144
c9dfa1d3-4567-4ef9-ae0a-e16890d01a89,2024-12-20,0.19763231
db055c74-b65d-4c82-b896-a3511d3b9733,2024-12-20,0.20066144
e9bd373d-d113-4b1a-af93-c4ad686d534d,2024-12-20,0.2058308
f2bad432-02f8-4117-a8f8-e511a162ca1b,2024-12-20,0.19763231
f3052014-e113-498b-8cf9-c3f01c87ddf7,2024-12-20,0.19763231
09093e39-0b78-4600-9971-58e9926d51d3,2024-12-21,0.3142182
2d03b0db-380b-48b5-8613-1aaab1d62851,2024-12-21,0.29902598
3aa647d7-11ac-4f69-a908-7583f60d3a6d,2024-12-21,0.3142182
5756fe18-9d6e-4ca6-859b-0452ca58f63c,2024-12-21,0.29902598
5a0a7550-2968-401e-9c39-8d8c106c5f2f,2024-12-21,0.29902598
5ccbff81-f3c3-4251-8556-b7b952bd293d,2024-12-21,0.3142182
6e3c99b1-7197-4095-91c5-a641aba86f02,2024-12-21,0.25542313
7610c5ea-2d39-4067-acf1-7db6d095da9d,2024-12-21,0.29902598
7b4b8fe6-231c-4b7d-a275-dfd5924943d0,2024-12-21,0.3142182
9302fd4e-dac0-4f87-b822-88e6021203fa,2024-12-21,0.29902598
9438038a-48e7-4f46-91ce-4ebf6e193963,2024-12-21,0.25542313
a3f2e1c3-5a1a-4e23-afe7-451371768def,2024-12-21,0.25542313
a49d98e9-f6e7-4d1a-a6a8-bc7575c9b038,2024-12-21,0.3142182
b51e3a6b-3e1a-42ce-a28d-25044c090486,2024-12-21,0.25542313
ba0cde20-a8b6-4043-9ff8-4d85a62394f0,2024-12-21,0.29902598
c9dfa1d3-4567-4ef9-ae0a-e16890d01a89,2024-12-21,0.3142182
db055c74-b65d-4c82-b896-a3511d3b9733,2024-12-21,0.29902598
e9bd373d-d113-4b1a-af93-c4ad686d534d,2024-12-21,0.25542313
f2bad432-02f8-4117-a8f8-e511a162ca1b,2024-12-21,0.3142182
f3052014-e113-498b-8cf9-c3f01c87ddf7,2024-12-21,0.3142182
09093e39-0b78-4600-9971-58e9926d51d3,2024-12-22,0.13675906
2d03b0db-380b-48b5-8613-1aaab1d62851,2024-12-22,0.17163004
3aa647d7-11ac-4f69-a908-7583f60d3a6d,2024-12-22,0.13675906
5756fe18-9d6e-4ca6-859b-0452ca58f63c,2024-12-22,0.17163004
5a0a7550-2968-401e-9c39-8d8c106c5f2f,2024-12-22,0.17163004
5ccbff81-f3c3-4251-8556-b7b952bd293d,2024-12-22,0.13675906
6e3c99b1-7197-4095-91c5-a641aba86f02,2024-12-22,0.17372142
7610c5ea-2d39-4067-acf1-7db6d095da9d,2024-12-22,0.17163004
7b4b8fe6-231c-4b7d-a275-dfd5924943d0,2024-12-22,0.13675906
9302fd4e-dac0-4f87-b822-88e6021203fa,2024-12-22,0.17163004
9438038a-48e7-4f46-91ce-4ebf6e193963,2024-12-22,0.17372142
a3f2e1c3-5a1a-4e23-afe7-451371768def,2024-12-22,0.17372142
a49d98e9-f6e7-4d1a-a6a8-bc7575c9b038,2024-12-22,0.13675906
b51e3a6b-3e1a-42ce-a28d-25044c090486,2024-12-22,0.17372142
ba0cde20-a8b6-4043-9ff8-4d85a62394f0,2024-12-22,0.17163004
c9dfa1d3-4567-4ef9-ae0a-e16890d01a89,2024-12-22,0.13675906
db055c74-b65d-4c82-b896-a3511d3b9733,2024-12-22,0.17163004
e9bd373d-d113-4b1a-af93-c4ad686d534d,2024-12-22,0.17372142
f2bad432-02f8-4117-a8f8-e511a162ca1b,2024-12-22,0.13675906
f3052014-e113-498b-8cf9-c3f01c87ddf7,2024-12-22,0.13675906
09093e39-0b78-4600-9971-58e9926d51d3,2024-12-23,0.20861791
2d03b0db-380b-48b5-8613-1aaab1d62851,2024-12-23,0.21519285
3aa647d7-11ac-4f69-a908-7583f60d3a6d,2024-12-23,0.20861791
5756fe18-9d6e-4ca6-859b-0452ca58f63c,2024-12-23,0.21519285
5a0a7550-2968-401e-9c39-8d8c106c5f2f,2024-12-23,0.21519285
5ccbff81-f3c3-4251-8556-b7b952bd293d,2024-12-23,0.20861791
6e3c99b1-7197-4095-91c5-a641aba86f02,2024-12-23,0.23639007
7610c5ea-2d39-4067-acf1-7db6d095da9d,2024-12-23,0.21519285
7b4b8fe6-231c-4b7d-a275-dfd5924943d0,2024-12-23,0.20861791
9302fd4e-dac0-4f87-b822-88e6021203fa,2024-12-23,0.21519285
9438038a-48e7-4f46-91ce-4ebf6e193963,2024-12-23,0.23639007
a3f2e1c3-5a1a-4e23-afe7-451371768def,2024-12-23,0.23639007
a49d98e9-f6e7-4d1a-a6a8-bc7575c9b038,2024-12-23,0.20861791
b51e3a6b-3e1a-42ce-a28d-25044c090486,2024-12-23,0.23639007
ba0cde20-a8b6-4043-9ff8-4d85a62394f0,2024-12-23,0.21519285
c9dfa1d3-4567-4ef9-ae0a-e16890d01a89,2024-12-23,0.20861791
db055c74-b65d-4c82-b896-a3511d3b9733,2024-12-23,0.21519285
e9bd373d-d113-4b1a-af93-c4ad686d534d,2024-12-23,0.23639007
f2bad432-02f8-4117-a8f8-e511a162ca1b,2024-12-23,0.20861791
f3052014-e113-498b-8cf9-c3f01c87ddf7,2024-12-23,0.20861791
09093e39-0b78-4600-9971-58e9926d51d3,2024-12-24,0.13173114
2d03b0db-380b-48b5-8613-1aaab1d62851,2024-12-24,0.18248296
3aa647d7-11ac-4f69-a908-7583f60d3a6d,2024-12-24,0.13173114
5756fe18-9d6e-4ca6-859b-0452ca58f63c,2024-12-24,0.18248296
5a0a7550-2968-401e-9c39-8d8c106c5f2f,2024-12-24,0.18248296
5ccbff81-f3c3-4251-8556-b7b952bd293d,2024-12-24,0.13173114
6e3c99b1-7197-4095-91c5-a641aba86f02,2024-12-24,0.20320204
7610c5ea-2d39-4067-acf1-7db6d095da9d,2024-12-24,0.18248296
7b4b8fe6-231c-4b7d-a275-dfd5924943d0,2024-12-24,0.13173114
9302fd4e-dac0-4f87-b822-88e6021203fa,2024-12-24,0.18248296
9438038a-48e7-4f46-91ce-4ebf6e193963,2024-12-24,0.20320204
a3f2e1c3-5a1a-4e23-afe7-451371768def,2024-12-24,0.20320204
a49d98e9-f6e7-4d1a-a6a8-bc7575c9b038,2024-12-24,0.13173114
b51e3a6b-3e1a-42ce-a28d-25044c090486,2024-12-24,0.20320204
ba0cde20-a8b6-4043-9ff8-4d85a62394f0,2024-12-24,0.18248296
c9dfa1d3-4567-4ef9-ae0a-e16890d01a89,2024-12-24,0.13173114
db055c74-b65d-4c82-b896-a3511d3b9733,2024-12-24,0.18248296
e9bd373d-d113-4b1a-af93-c4ad686d534d,2024-12-24,0.20320204
f2bad432-02f8-4117-a8f8-e511a162ca1b,2024-12-24,0.13173114
f3052014-e113-498b-8cf9-c3f01c87ddf7,2024-12-24,0.13173114
09093e39-0b78-4600-9971-58e9926d51d3,2024-12-25,0.11844382
2d03b0db-380b-48b5-8613-1aaab1d62851,2024-12-25,0.10869397
3aa647d7-11ac-4f69-a908-7583f60d3a6d,2024-12-25,0.11844382
5756fe18-9d6e-4ca6-859b-0452ca58f63c,2024-12-25,0.10869397
5a0a7550-2968-401e-9c39-8d8c106c5f2f,2024-12-25,0.10869397
5ccbff81-f3c3-4251-8556-b7b952bd293d,2024-12-25,0.11844382
6e3c99b1-7197-4095-91c5-a641aba86f02,2024-12-25,0.11843102
7610c5ea-2d39-4067-acf1-7db6d095da9d,2024-12-25,0.10869397
7b4b8fe6-231c-4b7d-a275-dfd5924943d0,2024-12-25,0.11844382
9302fd4e-dac0-4f87-b822-88e6021203fa,2024-12-25,0.10869397
9438038a-48e7-4f46-91ce-4ebf6e193963,2024-12-25,0.11843102
a3f2e1c3-5a1a-4e23-afe7-451371768def,2024-12-25,0.11843102
a49d98e9-f6e7-4d1a-a6a8-bc7575c9b038,2024-12-25,0.11844382
b51e3a6b-3e1a-42ce-a28d-25044c090486,2024-12-25,0.11843102
ba0cde20-a8b6-4043-9ff8-4d85a62394f0,2024-12-25,0.10869397
c9dfa1d3-4567-4ef9-ae0a-e16890d01a89,2024-12-25,0.11844382
db055c74-b65d-4c82-b896-a3511d3b9733,2024-12-25,0.10869397
e9bd373d-d113-4b1a-af93-c4ad686d534d,2024-12-25,0.11843102
f2bad432-02f8-4117-a8f8-e511a162ca1b,2024-12-25,0.11844382
f3052014-e113-498b-8cf9-c3f01c87ddf7,2024-12-25,0.11844382
09093e39-0b78-4600-9971-58e9926d51d3,2024-12-26,0.25547165
2d03b0db-380b-48b5-8613-1aaab1d62851,2024-12-26,0.25117776
3aa647d7-11ac-4f69-a908-7583f60d3a6d,2024-12-26,0.25547165
5756fe18-9d6e-4ca6-859b-0452ca58f63c,2024-12-26,0.25117776
5a0a7550-2968-401e-9c39-8d8c106c5f2f,2024-12-26,0.25117776
5ccbff81-f3c3-4251-8556-b7b952bd293d,2024-12-26,0.25547165
6e3c99b1-7197-4095-91c5-a641aba86f02,2024-12-26,0.23837622
7610c5ea-2d39-4067-acf1-7db6d095da9d,2024-12-26,0.25117776
7b4b8fe6-231c-4b7d-a275-dfd5924943d0,2024-12-26,0.25547165
9302fd4e-dac0-4f87-b822-88e6021203fa,2024-12-26,0.25117776
9438038a-48e7-4f46-91ce-4ebf6e193963,2024-12-26,0.23837622
a3f2e1c3-5a1a-4e23-afe7-451371768def,2024-12-26,0.23837622
a49d98e9-f6e7-4d1a-a6a8-bc7575c9b038,2024-12-26,0.25547165
b51e3a6b-3e1a-42ce-a28d-25044c090486,2024-12-26,0.23837622
ba0cde20-a8b6-4043-9ff8-4d85a62394f0,2024-12-26,0.25117776
c9dfa1d3-4567-4ef9-ae0a-e16890d01a89,2024-12-26,0.25547165
db055c74-b65d-4c82-b896-a3511d3b9733,2024-12-26,0.25117776
e9bd373d-d113-4b1a-af93-c4ad686d534d,2024-12-26,0.23837622
f2bad432-02f8-4117-a8f8-e511a162ca1b,2024-12-26,0.25547165
f3052014-e113-498b-8cf9-c3f01c87ddf7,2024-12-26,0.25547165
09093e39-0b78-4600-9971-58e9926d51d3,2024-12-27,0.260066
2d03b0db-380b-48b5-8613-1aaab1d62851,2024-12-27,0.2587664
3aa647d7-11ac-4f69-a908-7583f60d3a6d,2024-12-27,0.260066
5756fe18-9d6e-4ca6-859b-0452ca58f63c,2024-12-27,0.2587664
5a0a7550-2968-401e-9c39-8d8c106c5f2f,2024-12-27,0.2587664
5ccbff81-f3c3-4251-8556-b7b952bd293d,2024-12-27,0.260066
6e3c99b1-7197-4095-91c5-a641aba86f02,2024-12-27,0.23445179
7610c5ea-2d39-4067-acf1-7db6d095da9d,2024-12-27,0.2587664
7b4b8fe6-231c-4b7d-a275-dfd5924943d0,2024-12-27,0.260066
9302fd4e-dac0-4f87-b822-88e6021203fa,2024-12-27,0.2587664
9438038a-48e7-4f46-91ce-4ebf6e193963,2024-12-27,0.23445179
a3f2e1c3-5a1a-4e23-afe7-451371768def,2024-12-27,0.23445179
a49d98e9-f6e7-4d1a-a6a8-bc7575c9b038,2024-12-27,0.260066
b51e3a6b-3e1a-42ce-a28d-25044c090486,2024-12-27,0.23445179
ba0cde20-a8b6-4043-9ff8-4d85a62394f0,2024-12-27,0.2587664
c9dfa1d3-4567-4ef9-ae0a-e16890d01a89,2024-12-27,0.260066
db055c74-b65d-4c82-b896-a3511d3b9733,2024-12-27,0.2587664
e9bd373d-d113-4b1a-af93-c4ad686d534d,2024-12-27,0.23445179
f2bad432-02f8-4117-a8f8-e511a162ca1b,2024-12-27,0.260066
f3052014-e113-498b-8cf9-c3f01c87ddf7,2024-12-27,0.260066
09093e39-0b78-4600-9971-58e9926d51d3,2024-12-28,0.13931447
2d03b0db-380b-48b5-8613-1aaab1d62851,2024-12-28,0.13850535
3aa647d7-11ac-4f69-a908-7583f60d3a6d,2024-12-28,0.13931447
5756fe18-9d6e-4ca6-859b-0452ca58f63c,2024-12-28,0.13850535
5a0a7550-2968-401e-9c39-8d8c106c5f2f,2024-12-28,0.13850535
5ccbff81-f3c3-4251-8556-b7b952bd293d,2024-12-28,0.13931447
6e3c99b1-7197-4095-91c5-a641aba86f02,2024-12-28,0.16565454
7610c5ea-2d39-4067-acf1-7db6d095da9d,2024-12-28,0.13850535
7b4b8fe6-231c-4b7d-a275-dfd5924943d0,2024-12-28,0.13931447
9302fd4e-dac0-4f87-b822-88e6021203fa,2024-12-28,0.13850535
9438038a-48e7-4f46-91ce-4ebf6e193963,2024-12-28,0.16565454
a3f2e1c3-5a1a-4e23-afe7-451371768def,2024-12-28,0.16565454
a49d98e9-f6e7-4d1a-a6a8-bc7575c9b038,2024-12-28,0.13931447
b51e3a6b-3e1a-42ce-a28d-25044c090486,2024-12-28,0.16565454
ba0cde20-a8b6-4043-9ff8-4d85a62394f0,2024-12-28,0.13850535
c9dfa1d3-4567-4ef9-ae0a-e16890d01a89,2024-12-28,0.13931447
db055c74-b65d-4c82-b896-a3511d3b9733,2024-12-28,0.13850535
e9bd373d-d113-4b1a-af93-c4ad686d534d,2024-12-28,0.16565454
f2bad432-02f8-4117-a8f8-e511a162ca1b,2024-12-28,0.13931447
f3052014-e113-498b-8cf9-c3f01c87ddf7,2024-12-28,0.13931447
09093e39-0b78-4600-9971-58e9926d51d3,2024-12-29,0.369194
2d03b0db-380b-48b5-8613-1aaab1d62851,2024-12-29,0.3548142
3aa647d7-11ac-4f69-a908-7583f60d3a6d,2024-12-29,0.369194
5756fe18-9d6e-4ca6-859b-0452ca58f63c,2024-12-29,0.3548142
5a0a7550-2968-401e-9c39-8d8c106c5f2f,2024-12-29,0.3548142
5ccbff81-f3c3-4251-8556-b7b952bd293d,2024-12-29,0.369194
6e3c99b1-7197-4095-91c5-a641aba86f02,2024-12-29,0.26247215
7610c5ea-2d39-4067-acf1-7db6d095da9d,2024-12-29,0.3548142
7b4b8fe6-231c-4b7d-a275-dfd5924943d0,2024-12-29,0.369194
9302fd4e-dac0-4f87-b822-88e6021203fa,2024-12-29,0.3548142
9438038a-48e7-4f46-91ce-4ebf6e193963,2024-12-29,0.26247215
a3f2e1c3-5a1a-4e23-afe7-451371768def,2024-12-29,0.26247215
a49d98e9-f6e7-4d1a-a6a8-bc7575c9b038,2024-12-29,0.369194
b51e3a6b-3e1a-42ce-a28d-25044c090486,2024-12-29,0.26247215
ba0cde20-a8b6-4043-9ff8-4d85a62394f0,2024-12-29,0.3548142
c9dfa1d3-4567-4ef9-ae0a-e16890d01a89,2024-12-29,0.369194
db055c74-b65d-4c82-b896-a3511d3b9733,2024-12-29,0.3548142
e9bd373d-d113-4b1a-af93-c4ad686d534d,2024-12-29,0.26247215
f2bad432-02f8-4117-a8f8-e511a162ca1b,2024-12-29,0.369194
f3052014-e113-498b-8cf9-c3f01c87ddf7,2024-12-29,0.369194
09093e39-0b78-4600-9971-58e9926d51d3,2024-12-30,0.30026698
2d03b0db-380b-48b5-8613-1aaab1d62851,2024-12-30,0.3439313
3aa647d7-11ac-4f69-a908-7583f60d3a6d,2024-12-30,0.30026698
5756fe18-9d6e-4ca6-859b-0452ca58f63c,2024-12-30,0.3439313
5a0a7550-2968-401e-9c39-8d8c106c5f2f,2024-12-30,0.3439313
5ccbff81-f3c3-4251-8556-b7b952bd293d,2024-12-30,0.30026698
6e3c99b1-7197-4095-91c5-a641aba86f02,2024-12-30,0.22128916
7610c5ea-2d39-4067-acf1-7db6d095da9d,2024-12-30,0.3439313
7b4b8fe6-231c-4b7d-a275-dfd5924943d0,2024-12-30,0.30026698
9302fd4e-dac0-4f87-b822-88e6021203fa,2024-12-30,0.3439313
9438038a-48e7-4f46-91ce-4ebf6e193963,2024-12-30,0.22128916
a3f2e1c3-5a1a-4e23-afe7-451371768def,2024-12-30,0.22128916
a49d98e9-f6e7-4d1a-a6a8-bc7575c9b038,2024-12-30,0.30026698
b51e3a6b-3e1a-42ce-a28d-25044c090486,2024-12-30,0.22128916
ba0cde20-a8b6-4043-9ff8-4d85a62394f0,2024-12-30,0.3439313
c9dfa1d3-4567-4ef9-ae0a-e16890d01a89,2024-12-30,0.30026698
db055c74-b65d-4c82-b896-a3511d3b9733,2024-12-30,0.3439313
e9bd373d-d113-4b1a-af93-c4ad686d534d,2024-12-30,0.22128916
f2bad432-02f8-4117-a8f8-e511a162ca1b,2024-12-30,0.30026698
f3052014-e113-498b-8cf9-c3f01c87ddf7,2024-12-30,0.30026698
09093e39-0b78-4600-9971-58e9926d51d3,2024-12-31,0.24935831
2d03b0db-380b-48b5-8613-1aaab1d62851,2024-12-31,0.2936931
3aa647d7-11ac-4f69-a908-7583f60d3a6d,2024-12-31,0.24935831
5756fe18-9d6e-4ca6-859b-0452ca58f63c,2024-12-31,0.2936931
5a0a7550-2968-401e-9c39-8d8c106c5f2f,2024-12-31,0.2936931
5ccbff81-f3c3-4251-8556-b7b952bd293d,2024-12-31,0.24935831
6e3c99b1-7197-4095-91c5-a641aba86f02,2024-12-31,0.2636793
7610c5ea-2d39-4067-acf1-7db6d095da9d,2024-12-31,0.2936931
7b4b8fe6-231c-4b7d-a275-dfd5924943d0,2024-12-31,0.24935831
9302fd4e-dac0-4f87-b822-88e6021203fa,2024-12-31,0.2936931
9438038a-48e7-4f46-91ce-4ebf6e193963,2024-12-31,0.2636793
a3f2e1c3-5a1a-4e23-afe7-451371768def,2024-12-31,0.2636793
a49d98e9-f6e7-4d1a-a6a8-bc7575c9b038,2024-12-31,0.24935831
b51e3a6b-3e1a-42ce-a28d-25044c090486,2024-12-31,0.2636793
ba0cde20-a8b6-4043-9ff8-4d85a62394f0,2024-12-31,0.2936931
c9dfa1d3-4567-4ef9-ae0a-e16890d01a89,2024-12-31,0.24935831
db055c74-b65d-4c82-b896-a3511d3b9733,2024-12-31,0.2936931
e9bd373d-d113-4b1a-af93-c4ad686d534d,2024-12-31,0.2636793
f2bad432-02f8-4117-a8f8-e511a162ca1b,2024-12-31,0.24935831
f3052014-e113-498b-8cf9-c3f01c87ddf7,2024-12-31,0.24935831
